Fraktion/Gruppe,Name,Vorname,ja,nein,Enthaltung,ungültig,nichtabgegeben,Ergebnis
SPD,Abdi,Sanae,1,0,0,0,0,"Ja: 1, Nein: 0, Enthaltungen: 0, Nicht abgegeben: 0"
SPD,Ahmetovic,Adis,0,0,0,0,1,"Ja: 0, Nein: 0, Enthaltungen: 0, Nicht abgegeben: 1"
SPD,Alabali-Radovan,Reem,1,0,0,0,0,"Ja: 1, Nein: 0, Enthaltungen: 0, Nicht abgegeben: 0"
SPD,Andres,Dagmar,1,0,0,0,0,"Ja: 1, Nein: 0, Enthaltungen: 0, Nicht abgegeben: 0"
SPD,Annen,Niels,1,0,0,0,0,"Ja: 1, Nein: 0, Enthaltungen: 0, Nicht abgegeben: 0"
SPD,Arlt,Johannes,1,0,0,0,0,"Ja: 1, Nein: 0, Enthaltungen: 0, Nicht abgegeben: 0"
SPD,Baehrens,Heike,1,0,0,0,0,"Ja: 1, Nein: 0, Enthaltungen: 0, Nicht abgegeben: 0"
SPD,Bahr,Ulrike,1,0,0,0,0,"Ja: 1, Nein: 0, Enthaltungen: 0, Nicht abgegeben: 0"
SPD,Baldy,Daniel,1,0,0,0,0,"Ja: 1, Nein: 0, Enthaltungen: 0, Nicht abgegeben: 0"
SPD,Baradari,Nezahat,1,0,0,0,0,"Ja: 1, Nein: 0, Enthaltungen: 0, Nicht abgegeben: 0"
SPD,Bartol,Sören,1,0,0,0,0,"Ja: 1, Nein: 0, Enthaltungen: 0, Nicht abgegeben: 0"
SPD,Bartz,Alexander,1,0,0,0,0,"Ja: 1, Nein: 0, Enthaltungen: 0, Nicht abgegeben: 0"
SPD,Bas,Bärbel,1,0,0,0,0,"Ja: 1, Nein: 0, Enthaltungen: 0, Nicht abgegeben: 0"
SPD,Becker,Holger,1,0,0,0,0,"Ja: 1, Nein: 0, Enthaltungen: 0, Nicht abgegeben: 0"
SPD,Berghahn,Jürgen,1,0,0,0,0,"Ja: 1, Nein: 0, Enthaltungen: 0, Nicht abgegeben: 0"
SPD,Bergt,Bengt,1,0,0,0,0,"Ja: 1, Nein: 0, Enthaltungen: 0, Nicht abgegeben: 0"
SPD,Blankenburg,Jakob,1,0,0,0,0,"Ja: 1, Nein: 0, Enthaltungen: 0, Nicht abgegeben: 0"
SPD,Breymaier,Leni,1,0,0,0,0,"Ja: 1, Nein: 0, Enthaltungen: 0, Nicht abgegeben: 0"
SPD,Budde,Katrin,1,0,0,0,0,"Ja: 1, Nein: 0, Enthaltungen: 0, Nicht abgegeben: 0"
SPD,Cademartori Dujisin,Isabel,1,0,0,0,0,"Ja: 1, Nein: 0, Enthaltungen: 0, Nicht abgegeben: 0"
SPD,Castellucci,Lars,1,0,0,0,0,"Ja: 1, Nein: 0, Enthaltungen: 0, Nicht abgegeben: 0"
SPD,Coße,Jürgen,1,0,0,0,0,"Ja: 1, Nein: 0, Enthaltungen: 0, Nicht abgegeben: 0"
SPD,Daldrup,Bernhard,1,0,0,0,0,"Ja: 1, Nein: 0, Enthaltungen: 0, Nicht abgegeben: 0"
SPD,De Ridder,Daniela,1,0,0,0,0,"Ja: 1, Nein: 0, Enthaltungen: 0, Nicht abgegeben: 0"
SPD,Demir,Hakan,1,0,0,0,0,"Ja: 1, Nein: 0, Enthaltungen: 0, Nicht abgegeben: 0"
SPD,Diaby,Karamba,1,0,0,0,0,"Ja: 1, Nein: 0, Enthaltungen: 0, Nicht abgegeben: 0"
SPD,Diedenhofen,Martin,0,0,0,0,1,"Ja: 0, Nein: 0, Enthaltungen: 0, Nicht abgegeben: 1"
SPD,Dieren,Jan,1,0,0,0,0,"Ja: 1, Nein: 0, Enthaltungen: 0, Nicht abgegeben: 0"
SPD,Dilcher,Esther,1,0,0,0,0,"Ja: 1, Nein: 0, Enthaltungen: 0, Nicht abgegeben: 0"
SPD,Dittmar,Sabine,1,0,0,0,0,"Ja: 1, Nein: 0, Enthaltungen: 0, Nicht abgegeben: 0"
SPD,Döring,Felix,1,0,0,0,0,"Ja: 1, Nein: 0, Enthaltungen: 0, Nicht abgegeben: 0"
SPD,Droßmann,Falko,0,0,0,0,1,"Ja: 0, Nein: 0, Enthaltungen: 0, Nicht abgegeben: 1"
SPD,Echeverria,Axel,1,0,0,0,0,"Ja: 1, Nein: 0, Enthaltungen: 0, Nicht abgegeben: 0"
SPD,Eichwede,Sonja,1,0,0,0,0,"Ja: 1, Nein: 0, Enthaltungen: 0, Nicht abgegeben: 0"
SPD,Engelhardt,Heike,1,0,0,0,0,"Ja: 1, Nein: 0, Enthaltungen: 0, Nicht abgegeben: 0"
SPD,Esdar,Wiebke,1,0,0,0,0,"Ja: 1, Nein: 0, Enthaltungen: 0, Nicht abgegeben: 0"
SPD,Esken,Saskia,1,0,0,0,0,"Ja: 1, Nein: 0, Enthaltungen: 0, Nicht abgegeben: 0"
SPD,Fäscher,Ariane,1,0,0,0,0,"Ja: 1, Nein: 0, Enthaltungen: 0, Nicht abgegeben: 0"
SPD,Fechner,Johannes,1,0,0,0,0,"Ja: 1, Nein: 0, Enthaltungen: 0, Nicht abgegeben: 0"
SPD,Fiedler,Sebastian,1,0,0,0,0,"Ja: 1, Nein: 0, Enthaltungen: 0, Nicht abgegeben: 0"
SPD,Franke,Edgar,0,0,0,0,1,"Ja: 0, Nein: 0, Enthaltungen: 0, Nicht abgegeben: 1"
SPD,Funke,Fabian,1,0,0,0,0,"Ja: 1, Nein: 0, Enthaltungen: 0, Nicht abgegeben: 0"
SPD,Gava,Manuel,0,0,0,0,1,"Ja: 0, Nein: 0, Enthaltungen: 0, Nicht abgegeben: 1"
SPD,Gerdes,Michael,1,0,0,0,0,"Ja: 1, Nein: 0, Enthaltungen: 0, Nicht abgegeben: 0"
SPD,Gerster,Martin,1,0,0,0,0,"Ja: 1, Nein: 0, Enthaltungen: 0, Nicht abgegeben: 0"
SPD,Glöckner,Angelika,1,0,0,0,0,"Ja: 1, Nein: 0, Enthaltungen: 0, Nicht abgegeben: 0"
SPD,Griese,Kerstin,1,0,0,0,0,"Ja: 1, Nein: 0, Enthaltungen: 0, Nicht abgegeben: 0"
SPD,Hagedorn,Bettina,1,0,0,0,0,"Ja: 1, Nein: 0, Enthaltungen: 0, Nicht abgegeben: 0"
SPD,Hagl-Kehl,Rita,1,0,0,0,0,"Ja: 1, Nein: 0, Enthaltungen: 0, Nicht abgegeben: 0"
SPD,Hakverdi,Metin,1,0,0,0,0,"Ja: 1, Nein: 0, Enthaltungen: 0, Nicht abgegeben: 0"
SPD,Hartmann,Sebastian,1,0,0,0,0,"Ja: 1, Nein: 0, Enthaltungen: 0, Nicht abgegeben: 0"
SPD,Heidenblut,Dirk,1,0,0,0,0,"Ja: 1, Nein: 0, Enthaltungen: 0, Nicht abgegeben: 0"
SPD,Heil (Peine),Hubertus,1,0,0,0,0,"Ja: 1, Nein: 0, Enthaltungen: 0, Nicht abgegeben: 0"
SPD,Heiligenstadt,Frauke,1,0,0,0,0,"Ja: 1, Nein: 0, Enthaltungen: 0, Nicht abgegeben: 0"
SPD,Heinrich,Gabriela,1,0,0,0,0,"Ja: 1, Nein: 0, Enthaltungen: 0, Nicht abgegeben: 0"
SPD,Hellmich,Wolfgang,1,0,0,0,0,"Ja: 1, Nein: 0, Enthaltungen: 0, Nicht abgegeben: 0"
SPD,Hennig,Anke,1,0,0,0,0,"Ja: 1, Nein: 0, Enthaltungen: 0, Nicht abgegeben: 0"
SPD,Heselhaus,Nadine,1,0,0,0,0,"Ja: 1, Nein: 0, Enthaltungen: 0, Nicht abgegeben: 0"
SPD,Heubach,Heike,1,0,0,0,0,"Ja: 1, Nein: 0, Enthaltungen: 0, Nicht abgegeben: 0"
SPD,Hitschler,Thomas,1,0,0,0,0,"Ja: 1, Nein: 0, Enthaltungen: 0, Nicht abgegeben: 0"
SPD,Hohmann,Angela,1,0,0,0,0,"Ja: 1, Nein: 0, Enthaltungen: 0, Nicht abgegeben: 0"
SPD,Hostert,Jasmina,1,0,0,0,0,"Ja: 1, Nein: 0, Enthaltungen: 0, Nicht abgegeben: 0"
SPD,Hubertz,Verena,1,0,0,0,0,"Ja: 1, Nein: 0, Enthaltungen: 0, Nicht abgegeben: 0"
SPD,Hümpfer,Markus,1,0,0,0,0,"Ja: 1, Nein: 0, Enthaltungen: 0, Nicht abgegeben: 0"
SPD,Junge,Frank,0,0,0,0,1,"Ja: 0, Nein: 0, Enthaltungen: 0, Nicht abgegeben: 1"
SPD,Juratovic,Josip,1,0,0,0,0,"Ja: 1, Nein: 0, Enthaltungen: 0, Nicht abgegeben: 0"
SPD,Kaczmarek,Oliver,1,0,0,0,0,"Ja: 1, Nein: 0, Enthaltungen: 0, Nicht abgegeben: 0"
SPD,Kaiser,Elisabeth,0,0,0,0,1,"Ja: 0, Nein: 0, Enthaltungen: 0, Nicht abgegeben: 1"
SPD,Karaahmetoğlu,Macit,0,0,0,0,1,"Ja: 0, Nein: 0, Enthaltungen: 0, Nicht abgegeben: 1"
SPD,Kasper,Carlos,1,0,0,0,0,"Ja: 1, Nein: 0, Enthaltungen: 0, Nicht abgegeben: 0"
SPD,Kassautzki,Anna,1,0,0,0,0,"Ja: 1, Nein: 0, Enthaltungen: 0, Nicht abgegeben: 0"
SPD,Katzmarek,Gabriele,1,0,0,0,0,"Ja: 1, Nein: 0, Enthaltungen: 0, Nicht abgegeben: 0"
SPD,Kersten,Franziska,1,0,0,0,0,"Ja: 1, Nein: 0, Enthaltungen: 0, Nicht abgegeben: 0"
SPD,Kleebank,Helmut,1,0,0,0,0,"Ja: 1, Nein: 0, Enthaltungen: 0, Nicht abgegeben: 0"
SPD,Klinck,Kristian,1,0,0,0,0,"Ja: 1, Nein: 0, Enthaltungen: 0, Nicht abgegeben: 0"
SPD,Klingbeil,Lars,1,0,0,0,0,"Ja: 1, Nein: 0, Enthaltungen: 0, Nicht abgegeben: 0"
SPD,Klose,Annika,1,0,0,0,0,"Ja: 1, Nein: 0, Enthaltungen: 0, Nicht abgegeben: 0"
SPD,Klüssendorf,Tim,1,0,0,0,0,"Ja: 1, Nein: 0, Enthaltungen: 0, Nicht abgegeben: 0"
SPD,Kofler,Bärbel,1,0,0,0,0,"Ja: 1, Nein: 0, Enthaltungen: 0, Nicht abgegeben: 0"
SPD,Koß,Simona,1,0,0,0,0,"Ja: 1, Nein: 0, Enthaltungen: 0, Nicht abgegeben: 0"
SPD,Kramme,Anette,1,0,0,0,0,"Ja: 1, Nein: 0, Enthaltungen: 0, Nicht abgegeben: 0"
SPD,Kreiser,Dunja,1,0,0,0,0,"Ja: 1, Nein: 0, Enthaltungen: 0, Nicht abgegeben: 0"
SPD,Kröber,Martin,1,0,0,0,0,"Ja: 1, Nein: 0, Enthaltungen: 0, Nicht abgegeben: 0"
SPD,Kühnert,Kevin,1,0,0,0,0,"Ja: 1, Nein: 0, Enthaltungen: 0, Nicht abgegeben: 0"
SPD,Lahrkamp,Sarah,1,0,0,0,0,"Ja: 1, Nein: 0, Enthaltungen: 0, Nicht abgegeben: 0"
SPD,Larem,Andreas,1,0,0,0,0,"Ja: 1, Nein: 0, Enthaltungen: 0, Nicht abgegeben: 0"
SPD,Lauterbach,Karl,1,0,0,0,0,"Ja: 1, Nein: 0, Enthaltungen: 0, Nicht abgegeben: 0"
SPD,Lehmann,Sylvia,1,0,0,0,0,"Ja: 1, Nein: 0, Enthaltungen: 0, Nicht abgegeben: 0"
SPD,Leiser,Kevin,1,0,0,0,0,"Ja: 1, Nein: 0, Enthaltungen: 0, Nicht abgegeben: 0"
SPD,Licina-Bode,Luiza,1,0,0,0,0,"Ja: 1, Nein: 0, Enthaltungen: 0, Nicht abgegeben: 0"
SPD,Limbacher,Esra,1,0,0,0,0,"Ja: 1, Nein: 0, Enthaltungen: 0, Nicht abgegeben: 0"
SPD,Lindh,Helge,1,0,0,0,0,"Ja: 1, Nein: 0, Enthaltungen: 0, Nicht abgegeben: 0"
SPD,Lugk,Bettina,1,0,0,0,0,"Ja: 1, Nein: 0, Enthaltungen: 0, Nicht abgegeben: 0"
SPD,Lutze,Thomas,1,0,0,0,0,"Ja: 1, Nein: 0, Enthaltungen: 0, Nicht abgegeben: 0"
SPD,Machalet,Tanja,1,0,0,0,0,"Ja: 1, Nein: 0, Enthaltungen: 0, Nicht abgegeben: 0"
SPD,Mackensen-Geis,Isabel,1,0,0,0,0,"Ja: 1, Nein: 0, Enthaltungen: 0, Nicht abgegeben: 0"
SPD,Malottki,Erik,1,0,0,0,0,"Ja: 1, Nein: 0, Enthaltungen: 0, Nicht abgegeben: 0"
SPD,Mann,Holger,1,0,0,0,0,"Ja: 1, Nein: 0, Enthaltungen: 0, Nicht abgegeben: 0"
SPD,Martens,Zanda,1,0,0,0,0,"Ja: 1, Nein: 0, Enthaltungen: 0, Nicht abgegeben: 0"
SPD,Martin,Dorothee,1,0,0,0,0,"Ja: 1, Nein: 0, Enthaltungen: 0, Nicht abgegeben: 0"
SPD,Marvi,Parsa,1,0,0,0,0,"Ja: 1, Nein: 0, Enthaltungen: 0, Nicht abgegeben: 0"
SPD,Mascheck,Franziska,1,0,0,0,0,"Ja: 1, Nein: 0, Enthaltungen: 0, Nicht abgegeben: 0"
SPD,Mast,Katja,1,0,0,0,0,"Ja: 1, Nein: 0, Enthaltungen: 0, Nicht abgegeben: 0"
SPD,Mehltretter,Andreas,1,0,0,0,0,"Ja: 1, Nein: 0, Enthaltungen: 0, Nicht abgegeben: 0"
SPD,Mehmet Ali,Takis,1,0,0,0,0,"Ja: 1, Nein: 0, Enthaltungen: 0, Nicht abgegeben: 0"
SPD,Mende,Dirk-Ulrich,1,0,0,0,0,"Ja: 1, Nein: 0, Enthaltungen: 0, Nicht abgegeben: 0"
SPD,Mesarosch,Robin,1,0,0,0,0,"Ja: 1, Nein: 0, Enthaltungen: 0, Nicht abgegeben: 0"
SPD,Michel,Kathrin,1,0,0,0,0,"Ja: 1, Nein: 0, Enthaltungen: 0, Nicht abgegeben: 0"
SPD,Miersch,Matthias,1,0,0,0,0,"Ja: 1, Nein: 0, Enthaltungen: 0, Nicht abgegeben: 0"
SPD,Mieves,Matthias David,1,0,0,0,0,"Ja: 1, Nein: 0, Enthaltungen: 0, Nicht abgegeben: 0"
SPD,Mittag,Susanne,1,0,0,0,0,"Ja: 1, Nein: 0, Enthaltungen: 0, Nicht abgegeben: 0"
SPD,Moll,Claudia,1,0,0,0,0,"Ja: 1, Nein: 0, Enthaltungen: 0, Nicht abgegeben: 0"
SPD,Möller,Siemtje,1,0,0,0,0,"Ja: 1, Nein: 0, Enthaltungen: 0, Nicht abgegeben: 0"
SPD,Müller,Bettina,1,0,0,0,0,"Ja: 1, Nein: 0, Enthaltungen: 0, Nicht abgegeben: 0"
SPD,Müller,Michael,1,0,0,0,0,"Ja: 1, Nein: 0, Enthaltungen: 0, Nicht abgegeben: 0"
SPD,Müller (Chemnitz),Detlef,1,0,0,0,0,"Ja: 1, Nein: 0, Enthaltungen: 0, Nicht abgegeben: 0"
SPD,Müntefering,Michelle,1,0,0,0,0,"Ja: 1, Nein: 0, Enthaltungen: 0, Nicht abgegeben: 0"
SPD,Mützenich,Rolf,1,0,0,0,0,"Ja: 1, Nein: 0, Enthaltungen: 0, Nicht abgegeben: 0"
SPD,Nasr,Rasha,1,0,0,0,0,"Ja: 1, Nein: 0, Enthaltungen: 0, Nicht abgegeben: 0"
SPD,Nickholz,Brian,1,0,0,0,0,"Ja: 1, Nein: 0, Enthaltungen: 0, Nicht abgegeben: 0"
SPD,Nietan,Dietmar,1,0,0,0,0,"Ja: 1, Nein: 0, Enthaltungen: 0, Nicht abgegeben: 0"
SPD,Nürnberger,Jörg,1,0,0,0,0,"Ja: 1, Nein: 0, Enthaltungen: 0, Nicht abgegeben: 0"
SPD,Oehl,Lennard,1,0,0,0,0,"Ja: 1, Nein: 0, Enthaltungen: 0, Nicht abgegeben: 0"
SPD,Ortleb,Josephine,0,0,0,0,1,"Ja: 0, Nein: 0, Enthaltungen: 0, Nicht abgegeben: 1"
SPD,Özdemir (Duisburg),Mahmut,1,0,0,0,0,"Ja: 1, Nein: 0, Enthaltungen: 0, Nicht abgegeben: 0"
SPD,Özoğuz,Aydan,1,0,0,0,0,"Ja: 1, Nein: 0, Enthaltungen: 0, Nicht abgegeben: 0"
SPD,Pantazis,Christos,1,0,0,0,0,"Ja: 1, Nein: 0, Enthaltungen: 0, Nicht abgegeben: 0"
SPD,Papenbrock,Wiebke,1,0,0,0,0,"Ja: 1, Nein: 0, Enthaltungen: 0, Nicht abgegeben: 0"
SPD,Papendieck,Mathias,1,0,0,0,0,"Ja: 1, Nein: 0, Enthaltungen: 0, Nicht abgegeben: 0"
SPD,Pawlik,Natalie,1,0,0,0,0,"Ja: 1, Nein: 0, Enthaltungen: 0, Nicht abgegeben: 0"
SPD,Peick,Jens,1,0,0,0,0,"Ja: 1, Nein: 0, Enthaltungen: 0, Nicht abgegeben: 0"
SPD,Petry,Christian,0,0,0,0,1,"Ja: 0, Nein: 0, Enthaltungen: 0, Nicht abgegeben: 1"
SPD,Plobner,Jan,1,0,0,0,0,"Ja: 1, Nein: 0, Enthaltungen: 0, Nicht abgegeben: 0"
SPD,Poschmann,Sabine,1,0,0,0,0,"Ja: 1, Nein: 0, Enthaltungen: 0, Nicht abgegeben: 0"
SPD,Post (Minden),Achim,1,0,0,0,0,"Ja: 1, Nein: 0, Enthaltungen: 0, Nicht abgegeben: 0"
SPD,Rabanus,Martin,1,0,0,0,0,"Ja: 1, Nein: 0, Enthaltungen: 0, Nicht abgegeben: 0"
SPD,Rhie,Ye-One,1,0,0,0,0,"Ja: 1, Nein: 0, Enthaltungen: 0, Nicht abgegeben: 0"
SPD,Rimkus,Andreas,1,0,0,0,0,"Ja: 1, Nein: 0, Enthaltungen: 0, Nicht abgegeben: 0"
SPD,Rinkert,Daniel,1,0,0,0,0,"Ja: 1, Nein: 0, Enthaltungen: 0, Nicht abgegeben: 0"
SPD,Rix,Sönke,1,0,0,0,0,"Ja: 1, Nein: 0, Enthaltungen: 0, Nicht abgegeben: 0"
SPD,Rohde,Dennis,1,0,0,0,0,"Ja: 1, Nein: 0, Enthaltungen: 0, Nicht abgegeben: 0"
SPD,Roloff,Sebastian,1,0,0,0,0,"Ja: 1, Nein: 0, Enthaltungen: 0, Nicht abgegeben: 0"
SPD,Rosemann,Martin,1,0,0,0,0,"Ja: 1, Nein: 0, Enthaltungen: 0, Nicht abgegeben: 0"
SPD,Rosenthal,Jessica,1,0,0,0,0,"Ja: 1, Nein: 0, Enthaltungen: 0, Nicht abgegeben: 0"
SPD,Roth (Heringen),Michael,1,0,0,0,0,"Ja: 1, Nein: 0, Enthaltungen: 0, Nicht abgegeben: 0"
SPD,Rudolph,Thorsten,1,0,0,0,0,"Ja: 1, Nein: 0, Enthaltungen: 0, Nicht abgegeben: 0"
SPD,Rudolph,Tina,1,0,0,0,0,"Ja: 1, Nein: 0, Enthaltungen: 0, Nicht abgegeben: 0"
SPD,Ruf,Nadine,1,0,0,0,0,"Ja: 1, Nein: 0, Enthaltungen: 0, Nicht abgegeben: 0"
SPD,Rützel,Bernd,1,0,0,0,0,"Ja: 1, Nein: 0, Enthaltungen: 0, Nicht abgegeben: 0"
SPD,Ryglewski,Sarah,1,0,0,0,0,"Ja: 1, Nein: 0, Enthaltungen: 0, Nicht abgegeben: 0"
SPD,Saathoff,Johann,1,0,0,0,0,"Ja: 1, Nein: 0, Enthaltungen: 0, Nicht abgegeben: 0"
SPD,Schäfer,Ingo,1,0,0,0,0,"Ja: 1, Nein: 0, Enthaltungen: 0, Nicht abgegeben: 0"
SPD,Schäfer (Bochum),Axel,0,0,0,0,1,"Ja: 0, Nein: 0, Enthaltungen: 0, Nicht abgegeben: 1"
SPD,Schamber,Rebecca,1,0,0,0,0,"Ja: 1, Nein: 0, Enthaltungen: 0, Nicht abgegeben: 0"
SPD,Schätzl,Johannes,1,0,0,0,0,"Ja: 1, Nein: 0, Enthaltungen: 0, Nicht abgegeben: 0"
SPD,Scheer,Nina,1,0,0,0,0,"Ja: 1, Nein: 0, Enthaltungen: 0, Nicht abgegeben: 0"
SPD,Schieder,Marianne,1,0,0,0,0,"Ja: 1, Nein: 0, Enthaltungen: 0, Nicht abgegeben: 0"
SPD,Schiefner,Udo,1,0,0,0,0,"Ja: 1, Nein: 0, Enthaltungen: 0, Nicht abgegeben: 0"
SPD,Schierenbeck,Peggy,1,0,0,0,0,"Ja: 1, Nein: 0, Enthaltungen: 0, Nicht abgegeben: 0"
SPD,Schisanowski,Timo,1,0,0,0,0,"Ja: 1, Nein: 0, Enthaltungen: 0, Nicht abgegeben: 0"
SPD,Schmid,Christoph,1,0,0,0,0,"Ja: 1, Nein: 0, Enthaltungen: 0, Nicht abgegeben: 0"
SPD,Schmid,Nils,1,0,0,0,0,"Ja: 1, Nein: 0, Enthaltungen: 0, Nicht abgegeben: 0"
SPD,Schmidt,Uwe,1,0,0,0,0,"Ja: 1, Nein: 0, Enthaltungen: 0, Nicht abgegeben: 0"
SPD,Schmidt (Wetzlar),Dagmar,1,0,0,0,0,"Ja: 1, Nein: 0, Enthaltungen: 0, Nicht abgegeben: 0"
SPD,Schneider,Daniel,1,0,0,0,0,"Ja: 1, Nein: 0, Enthaltungen: 0, Nicht abgegeben: 0"
SPD,Schneider (Erfurt),Carsten,0,0,0,0,1,"Ja: 0, Nein: 0, Enthaltungen: 0, Nicht abgegeben: 1"
SPD,Scholz,Olaf,0,0,0,0,1,"Ja: 0, Nein: 0, Enthaltungen: 0, Nicht abgegeben: 1"
SPD,Schraps,Johannes,1,0,0,0,0,"Ja: 1, Nein: 0, Enthaltungen: 0, Nicht abgegeben: 0"
SPD,Schreider,Christian,1,0,0,0,0,"Ja: 1, Nein: 0, Enthaltungen: 0, Nicht abgegeben: 0"
SPD,Schrodi,Michael,1,0,0,0,0,"Ja: 1, Nein: 0, Enthaltungen: 0, Nicht abgegeben: 0"
SPD,Schulze,Svenja,1,0,0,0,0,"Ja: 1, Nein: 0, Enthaltungen: 0, Nicht abgegeben: 0"
SPD,Schwabe,Frank,1,0,0,0,0,"Ja: 1, Nein: 0, Enthaltungen: 0, Nicht abgegeben: 0"
SPD,Schwartze,Stefan,1,0,0,0,0,"Ja: 1, Nein: 0, Enthaltungen: 0, Nicht abgegeben: 0"
SPD,Schwarz,Andreas,1,0,0,0,0,"Ja: 1, Nein: 0, Enthaltungen: 0, Nicht abgegeben: 0"
SPD,Schwarzelühr-Sutter,Rita,1,0,0,0,0,"Ja: 1, Nein: 0, Enthaltungen: 0, Nicht abgegeben: 0"
SPD,Seitzl,Lina,0,0,0,0,1,"Ja: 0, Nein: 0, Enthaltungen: 0, Nicht abgegeben: 1"
SPD,Stadler,Svenja,1,0,0,0,0,"Ja: 1, Nein: 0, Enthaltungen: 0, Nicht abgegeben: 0"
SPD,Stamm-Fibich,Martina,1,0,0,0,0,"Ja: 1, Nein: 0, Enthaltungen: 0, Nicht abgegeben: 0"
SPD,Stegner,Ralf,1,0,0,0,0,"Ja: 1, Nein: 0, Enthaltungen: 0, Nicht abgegeben: 0"
SPD,Stein,Mathias,1,0,0,0,0,"Ja: 1, Nein: 0, Enthaltungen: 0, Nicht abgegeben: 0"
SPD,Sthamer,Nadja,1,0,0,0,0,"Ja: 1, Nein: 0, Enthaltungen: 0, Nicht abgegeben: 0"
SPD,Stüwe,Ruppert,1,0,0,0,0,"Ja: 1, Nein: 0, Enthaltungen: 0, Nicht abgegeben: 0"
SPD,Tausend,Claudia,1,0,0,0,0,"Ja: 1, Nein: 0, Enthaltungen: 0, Nicht abgegeben: 0"
SPD,Thews,Michael,1,0,0,0,0,"Ja: 1, Nein: 0, Enthaltungen: 0, Nicht abgegeben: 0"
SPD,Töns,Markus,1,0,0,0,0,"Ja: 1, Nein: 0, Enthaltungen: 0, Nicht abgegeben: 0"
SPD,Träger,Carsten,1,0,0,0,0,"Ja: 1, Nein: 0, Enthaltungen: 0, Nicht abgegeben: 0"
SPD,Troff-Schaffarzyk,Anja,1,0,0,0,0,"Ja: 1, Nein: 0, Enthaltungen: 0, Nicht abgegeben: 0"
SPD,Türk-Nachbaur,Derya,1,0,0,0,0,"Ja: 1, Nein: 0, Enthaltungen: 0, Nicht abgegeben: 0"
SPD,Ullrich,Frank,1,0,0,0,0,"Ja: 1, Nein: 0, Enthaltungen: 0, Nicht abgegeben: 0"
SPD,Völlers,Marja-Liisa,1,0,0,0,0,"Ja: 1, Nein: 0, Enthaltungen: 0, Nicht abgegeben: 0"
SPD,Vontz,Emily,1,0,0,0,0,"Ja: 1, Nein: 0, Enthaltungen: 0, Nicht abgegeben: 0"
SPD,Vöpel,Dirk,1,0,0,0,0,"Ja: 1, Nein: 0, Enthaltungen: 0, Nicht abgegeben: 0"
SPD,Wagner,Carolin,1,0,0,0,0,"Ja: 1, Nein: 0, Enthaltungen: 0, Nicht abgegeben: 0"
SPD,Wallstein,Maja,1,0,0,0,0,"Ja: 1, Nein: 0, Enthaltungen: 0, Nicht abgegeben: 0"
SPD,Walter,Hannes,1,0,0,0,0,"Ja: 1, Nein: 0, Enthaltungen: 0, Nicht abgegeben: 0"
SPD,Wegge,Carmen,1,0,0,0,0,"Ja: 1, Nein: 0, Enthaltungen: 0, Nicht abgegeben: 0"
SPD,Wegling,Melanie,0,0,0,0,1,"Ja: 0, Nein: 0, Enthaltungen: 0, Nicht abgegeben: 1"
SPD,Weingarten,Joe,1,0,0,0,0,"Ja: 1, Nein: 0, Enthaltungen: 0, Nicht abgegeben: 0"
SPD,Werner,Lena,1,0,0,0,0,"Ja: 1, Nein: 0, Enthaltungen: 0, Nicht abgegeben: 0"
SPD,Westphal,Bernd,1,0,0,0,0,"Ja: 1, Nein: 0, Enthaltungen: 0, Nicht abgegeben: 0"
SPD,Wiese,Dirk,1,0,0,0,0,"Ja: 1, Nein: 0, Enthaltungen: 0, Nicht abgegeben: 0"
SPD,Wollmann,Herbert,1,0,0,0,0,"Ja: 1, Nein: 0, Enthaltungen: 0, Nicht abgegeben: 0"
SPD,Yüksel,Gülistan,1,0,0,0,0,"Ja: 1, Nein: 0, Enthaltungen: 0, Nicht abgegeben: 0"
SPD,Zierke,Stefan,1,0,0,0,0,"Ja: 1, Nein: 0, Enthaltungen: 0, Nicht abgegeben: 0"
SPD,Zimmermann,Jens,1,0,0,0,0,"Ja: 1, Nein: 0, Enthaltungen: 0, Nicht abgegeben: 0"
SPD,Zorn,Armand,1,0,0,0,0,"Ja: 1, Nein: 0, Enthaltungen: 0, Nicht abgegeben: 0"
SPD,Zschau,Katrin,1,0,0,0,0,"Ja: 1, Nein: 0, Enthaltungen: 0, Nicht abgegeben: 0"
CDU/CSU,Abraham,Knut,1,0,0,0,0,"Ja: 1, Nein: 0, Enthaltungen: 0, Nicht abgegeben: 0"
CDU/CSU,Albani,Stephan,1,0,0,0,0,"Ja: 1, Nein: 0, Enthaltungen: 0, Nicht abgegeben: 0"
CDU/CSU,Altenkamp,Norbert Maria,1,0,0,0,0,"Ja: 1, Nein: 0, Enthaltungen: 0, Nicht abgegeben: 0"
CDU/CSU,Amthor,Philipp,1,0,0,0,0,"Ja: 1, Nein: 0, Enthaltungen: 0, Nicht abgegeben: 0"
CDU/CSU,Auernhammer,Artur,1,0,0,0,0,"Ja: 1, Nein: 0, Enthaltungen: 0, Nicht abgegeben: 0"
CDU/CSU,Aumer,Peter,1,0,0,0,0,"Ja: 1, Nein: 0, Enthaltungen: 0, Nicht abgegeben: 0"
CDU/CSU,Bär,Dorothee,1,0,0,0,0,"Ja: 1, Nein: 0, Enthaltungen: 0, Nicht abgegeben: 0"
CDU/CSU,Bareiß,Thomas,1,0,0,0,0,"Ja: 1, Nein: 0, Enthaltungen: 0, Nicht abgegeben: 0"
CDU/CSU,Bernstein,Melanie,1,0,0,0,0,"Ja: 1, Nein: 0, Enthaltungen: 0, Nicht abgegeben: 0"
CDU/CSU,Beyer,Peter,1,0,0,0,0,"Ja: 1, Nein: 0, Enthaltungen: 0, Nicht abgegeben: 0"
CDU/CSU,Biadacz,Marc,1,0,0,0,0,"Ja: 1, Nein: 0, Enthaltungen: 0, Nicht abgegeben: 0"
CDU/CSU,Bilger,Steffen,1,0,0,0,0,"Ja: 1, Nein: 0, Enthaltungen: 0, Nicht abgegeben: 0"
CDU/CSU,Borchardt,Simone,0,0,0,0,1,"Ja: 0, Nein: 0, Enthaltungen: 0, Nicht abgegeben: 1"
CDU/CSU,Brand (Fulda),Michael,1,0,0,0,0,"Ja: 1, Nein: 0, Enthaltungen: 0, Nicht abgegeben: 0"
CDU/CSU,Brandl,Reinhard,1,0,0,0,0,"Ja: 1, Nein: 0, Enthaltungen: 0, Nicht abgegeben: 0"
CDU/CSU,Braun,Helge,1,0,0,0,0,"Ja: 1, Nein: 0, Enthaltungen: 0, Nicht abgegeben: 0"
CDU/CSU,Breher,Silvia,1,0,0,0,0,"Ja: 1, Nein: 0, Enthaltungen: 0, Nicht abgegeben: 0"
CDU/CSU,Brehm,Sebastian,1,0,0,0,0,"Ja: 1, Nein: 0, Enthaltungen: 0, Nicht abgegeben: 0"
CDU/CSU,Brehmer,Heike,1,0,0,0,0,"Ja: 1, Nein: 0, Enthaltungen: 0, Nicht abgegeben: 0"
CDU/CSU,Breilmann,Michael,1,0,0,0,0,"Ja: 1, Nein: 0, Enthaltungen: 0, Nicht abgegeben: 0"
CDU/CSU,Brinkhaus,Ralph,1,0,0,0,0,"Ja: 1, Nein: 0, Enthaltungen: 0, Nicht abgegeben: 0"
CDU/CSU,Brodesser,Carsten,1,0,0,0,0,"Ja: 1, Nein: 0, Enthaltungen: 0, Nicht abgegeben: 0"
CDU/CSU,Bröhr,Marlon,1,0,0,0,0,"Ja: 1, Nein: 0, Enthaltungen: 0, Nicht abgegeben: 0"
CDU/CSU,Bury,Yannick,1,0,0,0,0,"Ja: 1, Nein: 0, Enthaltungen: 0, Nicht abgegeben: 0"
CDU/CSU,Connemann,Gitta,1,0,0,0,0,"Ja: 1, Nein: 0, Enthaltungen: 0, Nicht abgegeben: 0"
CDU/CSU,Czaja,Mario,1,0,0,0,0,"Ja: 1, Nein: 0, Enthaltungen: 0, Nicht abgegeben: 0"
CDU/CSU,Damerow,Astrid,1,0,0,0,0,"Ja: 1, Nein: 0, Enthaltungen: 0, Nicht abgegeben: 0"
CDU/CSU,Dobrindt,Alexander,1,0,0,0,0,"Ja: 1, Nein: 0, Enthaltungen: 0, Nicht abgegeben: 0"
CDU/CSU,Donth,Michael,1,0,0,0,0,"Ja: 1, Nein: 0, Enthaltungen: 0, Nicht abgegeben: 0"
CDU/CSU,Durz,Hansjörg,1,0,0,0,0,"Ja: 1, Nein: 0, Enthaltungen: 0, Nicht abgegeben: 0"
CDU/CSU,Edelhäußer,Ralph,1,0,0,0,0,"Ja: 1, Nein: 0, Enthaltungen: 0, Nicht abgegeben: 0"
CDU/CSU,Engelhard,Alexander,1,0,0,0,0,"Ja: 1, Nein: 0, Enthaltungen: 0, Nicht abgegeben: 0"
CDU/CSU,Englhardt-Kopf,Martina,1,0,0,0,0,"Ja: 1, Nein: 0, Enthaltungen: 0, Nicht abgegeben: 0"
CDU/CSU,Erndl,Thomas,1,0,0,0,0,"Ja: 1, Nein: 0, Enthaltungen: 0, Nicht abgegeben: 0"
CDU/CSU,Färber,Hermann,1,0,0,0,0,"Ja: 1, Nein: 0, Enthaltungen: 0, Nicht abgegeben: 0"
CDU/CSU,Feiler,Uwe,1,0,0,0,0,"Ja: 1, Nein: 0, Enthaltungen: 0, Nicht abgegeben: 0"
CDU/CSU,Ferlemann,Enak,1,0,0,0,0,"Ja: 1, Nein: 0, Enthaltungen: 0, Nicht abgegeben: 0"
CDU/CSU,Föhr,Alexander,1,0,0,0,0,"Ja: 1, Nein: 0, Enthaltungen: 0, Nicht abgegeben: 0"
CDU/CSU,Frei,Thorsten,1,0,0,0,0,"Ja: 1, Nein: 0, Enthaltungen: 0, Nicht abgegeben: 0"
CDU/CSU,Friedrich (Hof),Hans-Peter,1,0,0,0,0,"Ja: 1, Nein: 0, Enthaltungen: 0, Nicht abgegeben: 0"
CDU/CSU,Frieser,Michael,1,0,0,0,0,"Ja: 1, Nein: 0, Enthaltungen: 0, Nicht abgegeben: 0"
CDU/CSU,Gädechens,Ingo,1,0,0,0,0,"Ja: 1, Nein: 0, Enthaltungen: 0, Nicht abgegeben: 0"
CDU/CSU,Gebhart,Thomas,1,0,0,0,0,"Ja: 1, Nein: 0, Enthaltungen: 0, Nicht abgegeben: 0"
CDU/CSU,Geissler,Jonas,1,0,0,0,0,"Ja: 1, Nein: 0, Enthaltungen: 0, Nicht abgegeben: 0"
CDU/CSU,Gramling,Fabian,1,0,0,0,0,"Ja: 1, Nein: 0, Enthaltungen: 0, Nicht abgegeben: 0"
CDU/CSU,Gräßle,Ingeborg,1,0,0,0,0,"Ja: 1, Nein: 0, Enthaltungen: 0, Nicht abgegeben: 0"
CDU/CSU,Gröhe,Hermann,1,0,0,0,0,"Ja: 1, Nein: 0, Enthaltungen: 0, Nicht abgegeben: 0"
CDU/CSU,Grosse-Brömer,Michael,1,0,0,0,0,"Ja: 1, Nein: 0, Enthaltungen: 0, Nicht abgegeben: 0"
CDU/CSU,Grübel,Markus,1,0,0,0,0,"Ja: 1, Nein: 0, Enthaltungen: 0, Nicht abgegeben: 0"
CDU/CSU,Grund,Manfred,1,0,0,0,0,"Ja: 1, Nein: 0, Enthaltungen: 0, Nicht abgegeben: 0"
CDU/CSU,Grundmann,Oliver,1,0,0,0,0,"Ja: 1, Nein: 0, Enthaltungen: 0, Nicht abgegeben: 0"
CDU/CSU,Grütters,Monika,1,0,0,0,0,"Ja: 1, Nein: 0, Enthaltungen: 0, Nicht abgegeben: 0"
CDU/CSU,Güler,Serap,1,0,0,0,0,"Ja: 1, Nein: 0, Enthaltungen: 0, Nicht abgegeben: 0"
CDU/CSU,Güntzler,Fritz,1,0,0,0,0,"Ja: 1, Nein: 0, Enthaltungen: 0, Nicht abgegeben: 0"
CDU/CSU,Gutting,Olav,1,0,0,0,0,"Ja: 1, Nein: 0, Enthaltungen: 0, Nicht abgegeben: 0"
CDU/CSU,Haase,Christian,1,0,0,0,0,"Ja: 1, Nein: 0, Enthaltungen: 0, Nicht abgegeben: 0"
CDU/CSU,Hahn,Florian,1,0,0,0,0,"Ja: 1, Nein: 0, Enthaltungen: 0, Nicht abgegeben: 0"
CDU/CSU,Hardt,Jürgen,1,0,0,0,0,"Ja: 1, Nein: 0, Enthaltungen: 0, Nicht abgegeben: 0"
CDU/CSU,Hauer,Matthias,1,0,0,0,0,"Ja: 1, Nein: 0, Enthaltungen: 0, Nicht abgegeben: 0"
CDU/CSU,Heck,Stefan,1,0,0,0,0,"Ja: 1, Nein: 0, Enthaltungen: 0, Nicht abgegeben: 0"
CDU/CSU,Heil,Mechthild,1,0,0,0,0,"Ja: 1, Nein: 0, Enthaltungen: 0, Nicht abgegeben: 0"
CDU/CSU,Heilmann,Thomas,1,0,0,0,0,"Ja: 1, Nein: 0, Enthaltungen: 0, Nicht abgegeben: 0"
CDU/CSU,Helfrich,Mark,1,0,0,0,0,"Ja: 1, Nein: 0, Enthaltungen: 0, Nicht abgegeben: 0"
CDU/CSU,Henrichmann,Marc,1,0,0,0,0,"Ja: 1, Nein: 0, Enthaltungen: 0, Nicht abgegeben: 0"
CDU/CSU,Heveling,Ansgar,1,0,0,0,0,"Ja: 1, Nein: 0, Enthaltungen: 0, Nicht abgegeben: 0"
CDU/CSU,Hierl,Susanne,1,0,0,0,0,"Ja: 1, Nein: 0, Enthaltungen: 0, Nicht abgegeben: 0"
CDU/CSU,Hirte,Christian,1,0,0,0,0,"Ja: 1, Nein: 0, Enthaltungen: 0, Nicht abgegeben: 0"
CDU/CSU,Hoffmann,Alexander,1,0,0,0,0,"Ja: 1, Nein: 0, Enthaltungen: 0, Nicht abgegeben: 0"
CDU/CSU,Hoppenstedt,Hendrik,1,0,0,0,0,"Ja: 1, Nein: 0, Enthaltungen: 0, Nicht abgegeben: 0"
CDU/CSU,Hoppermann,Franziska,1,0,0,0,0,"Ja: 1, Nein: 0, Enthaltungen: 0, Nicht abgegeben: 0"
CDU/CSU,Hüppe,Hubert,1,0,0,0,0,"Ja: 1, Nein: 0, Enthaltungen: 0, Nicht abgegeben: 0"
CDU/CSU,Irlstorfer,Erich,1,0,0,0,0,"Ja: 1, Nein: 0, Enthaltungen: 0, Nicht abgegeben: 0"
CDU/CSU,Janssen,Anne,1,0,0,0,0,"Ja: 1, Nein: 0, Enthaltungen: 0, Nicht abgegeben: 0"
CDU/CSU,Jarzombek,Thomas,0,0,0,0,1,"Ja: 0, Nein: 0, Enthaltungen: 0, Nicht abgegeben: 1"
CDU/CSU,Jung,Andreas,1,0,0,0,0,"Ja: 1, Nein: 0, Enthaltungen: 0, Nicht abgegeben: 0"
CDU/CSU,Karliczek,Anja,1,0,0,0,0,"Ja: 1, Nein: 0, Enthaltungen: 0, Nicht abgegeben: 0"
CDU/CSU,Kaufmann,Stefan,1,0,0,0,0,"Ja: 1, Nein: 0, Enthaltungen: 0, Nicht abgegeben: 0"
CDU/CSU,Kemmer,Ronja,1,0,0,0,0,"Ja: 1, Nein: 0, Enthaltungen: 0, Nicht abgegeben: 0"
CDU/CSU,Kiesewetter,Roderich,1,0,0,0,0,"Ja: 1, Nein: 0, Enthaltungen: 0, Nicht abgegeben: 0"
CDU/CSU,Kießling,Michael,1,0,0,0,0,"Ja: 1, Nein: 0, Enthaltungen: 0, Nicht abgegeben: 0"
CDU/CSU,Kippels,Georg,1,0,0,0,0,"Ja: 1, Nein: 0, Enthaltungen: 0, Nicht abgegeben: 0"
CDU/CSU,Klein,Ottilie,1,0,0,0,0,"Ja: 1, Nein: 0, Enthaltungen: 0, Nicht abgegeben: 0"
CDU/CSU,Klein,Volkmar,1,0,0,0,0,"Ja: 1, Nein: 0, Enthaltungen: 0, Nicht abgegeben: 0"
CDU/CSU,Klöckner,Julia,1,0,0,0,0,"Ja: 1, Nein: 0, Enthaltungen: 0, Nicht abgegeben: 0"
CDU/CSU,Knoerig,Axel,1,0,0,0,0,"Ja: 1, Nein: 0, Enthaltungen: 0, Nicht abgegeben: 0"
CDU/CSU,Koeppen,Jens,1,0,0,0,0,"Ja: 1, Nein: 0, Enthaltungen: 0, Nicht abgegeben: 0"
CDU/CSU,König,Anne,1,0,0,0,0,"Ja: 1, Nein: 0, Enthaltungen: 0, Nicht abgegeben: 0"
CDU/CSU,Koob,Markus,1,0,0,0,0,"Ja: 1, Nein: 0, Enthaltungen: 0, Nicht abgegeben: 0"
CDU/CSU,Körber,Carsten,1,0,0,0,0,"Ja: 1, Nein: 0, Enthaltungen: 0, Nicht abgegeben: 0"
CDU/CSU,Krichbaum,Gunther,1,0,0,0,0,"Ja: 1, Nein: 0, Enthaltungen: 0, Nicht abgegeben: 0"
CDU/CSU,Krings,Günter,1,0,0,0,0,"Ja: 1, Nein: 0, Enthaltungen: 0, Nicht abgegeben: 0"
CDU/CSU,Kuban,Tilman,1,0,0,0,0,"Ja: 1, Nein: 0, Enthaltungen: 0, Nicht abgegeben: 0"
CDU/CSU,Lange,Ulrich,1,0,0,0,0,"Ja: 1, Nein: 0, Enthaltungen: 0, Nicht abgegeben: 0"
CDU/CSU,Laschet,Armin,1,0,0,0,0,"Ja: 1, Nein: 0, Enthaltungen: 0, Nicht abgegeben: 0"
CDU/CSU,Launert,Silke,1,0,0,0,0,"Ja: 1, Nein: 0, Enthaltungen: 0, Nicht abgegeben: 0"
CDU/CSU,Lehmann,Jens,1,0,0,0,0,"Ja: 1, Nein: 0, Enthaltungen: 0, Nicht abgegeben: 0"
CDU/CSU,Lehrieder,Paul,1,0,0,0,0,"Ja: 1, Nein: 0, Enthaltungen: 0, Nicht abgegeben: 0"
CDU/CSU,Leikert,Katja,1,0,0,0,0,"Ja: 1, Nein: 0, Enthaltungen: 0, Nicht abgegeben: 0"
CDU/CSU,Lenz,Andreas,1,0,0,0,0,"Ja: 1, Nein: 0, Enthaltungen: 0, Nicht abgegeben: 0"
CDU/CSU,Lindholz,Andrea,1,0,0,0,0,"Ja: 1, Nein: 0, Enthaltungen: 0, Nicht abgegeben: 0"
CDU/CSU,Linnemann,Carsten,1,0,0,0,0,"Ja: 1, Nein: 0, Enthaltungen: 0, Nicht abgegeben: 0"
CDU/CSU,Lips,Patricia,1,0,0,0,0,"Ja: 1, Nein: 0, Enthaltungen: 0, Nicht abgegeben: 0"
CDU/CSU,Loos,Bernhard,1,0,0,0,0,"Ja: 1, Nein: 0, Enthaltungen: 0, Nicht abgegeben: 0"
CDU/CSU,Luczak,Jan-Marco,1,0,0,0,0,"Ja: 1, Nein: 0, Enthaltungen: 0, Nicht abgegeben: 0"
CDU/CSU,Ludwig,Daniela,1,0,0,0,0,"Ja: 1, Nein: 0, Enthaltungen: 0, Nicht abgegeben: 0"
CDU/CSU,Mack,Klaus,1,0,0,0,0,"Ja: 1, Nein: 0, Enthaltungen: 0, Nicht abgegeben: 0"
CDU/CSU,Magwas,Yvonne,1,0,0,0,0,"Ja: 1, Nein: 0, Enthaltungen: 0, Nicht abgegeben: 0"
CDU/CSU,Mannes,Astrid,1,0,0,0,0,"Ja: 1, Nein: 0, Enthaltungen: 0, Nicht abgegeben: 0"
CDU/CSU,Mattfeldt,Andreas,1,0,0,0,0,"Ja: 1, Nein: 0, Enthaltungen: 0, Nicht abgegeben: 0"
CDU/CSU,Mayer (Altötting),Stephan,1,0,0,0,0,"Ja: 1, Nein: 0, Enthaltungen: 0, Nicht abgegeben: 0"
CDU/CSU,Mayer-Lay,Volker,1,0,0,0,0,"Ja: 1, Nein: 0, Enthaltungen: 0, Nicht abgegeben: 0"
CDU/CSU,Meister,Michael,1,0,0,0,0,"Ja: 1, Nein: 0, Enthaltungen: 0, Nicht abgegeben: 0"
CDU/CSU,Merz,Friedrich,1,0,0,0,0,"Ja: 1, Nein: 0, Enthaltungen: 0, Nicht abgegeben: 0"
CDU/CSU,Metzler,Jan,1,0,0,0,0,"Ja: 1, Nein: 0, Enthaltungen: 0, Nicht abgegeben: 0"
CDU/CSU,Middelberg,Mathias,1,0,0,0,0,"Ja: 1, Nein: 0, Enthaltungen: 0, Nicht abgegeben: 0"
CDU/CSU,Monstadt,Dietrich,1,0,0,0,0,"Ja: 1, Nein: 0, Enthaltungen: 0, Nicht abgegeben: 0"
CDU/CSU,Mörseburg,Maximilian,1,0,0,0,0,"Ja: 1, Nein: 0, Enthaltungen: 0, Nicht abgegeben: 0"
CDU/CSU,Müller,Axel,1,0,0,0,0,"Ja: 1, Nein: 0, Enthaltungen: 0, Nicht abgegeben: 0"
CDU/CSU,Müller,Florian,1,0,0,0,0,"Ja: 1, Nein: 0, Enthaltungen: 0, Nicht abgegeben: 0"
CDU/CSU,Müller,Sepp,1,0,0,0,0,"Ja: 1, Nein: 0, Enthaltungen: 0, Nicht abgegeben: 0"
CDU/CSU,Müller (Braunschweig),Carsten,1,0,0,0,0,"Ja: 1, Nein: 0, Enthaltungen: 0, Nicht abgegeben: 0"
CDU/CSU,Nacke,Stefan,1,0,0,0,0,"Ja: 1, Nein: 0, Enthaltungen: 0, Nicht abgegeben: 0"
CDU/CSU,Nicolaisen,Petra,1,0,0,0,0,"Ja: 1, Nein: 0, Enthaltungen: 0, Nicht abgegeben: 0"
CDU/CSU,Oellers,Wilfried,1,0,0,0,0,"Ja: 1, Nein: 0, Enthaltungen: 0, Nicht abgegeben: 0"
CDU/CSU,Oppelt,Moritz,1,0,0,0,0,"Ja: 1, Nein: 0, Enthaltungen: 0, Nicht abgegeben: 0"
CDU/CSU,Oßner,Florian,1,0,0,0,0,"Ja: 1, Nein: 0, Enthaltungen: 0, Nicht abgegeben: 0"
CDU/CSU,Oster,Josef,1,0,0,0,0,"Ja: 1, Nein: 0, Enthaltungen: 0, Nicht abgegeben: 0"
CDU/CSU,Otte,Henning,1,0,0,0,0,"Ja: 1, Nein: 0, Enthaltungen: 0, Nicht abgegeben: 0"
CDU/CSU,Pahlmann,Ingrid,1,0,0,0,0,"Ja: 1, Nein: 0, Enthaltungen: 0, Nicht abgegeben: 0"
CDU/CSU,Pilsinger,Stephan,1,0,0,0,0,"Ja: 1, Nein: 0, Enthaltungen: 0, Nicht abgegeben: 0"
CDU/CSU,Ploß,Christoph,1,0,0,0,0,"Ja: 1, Nein: 0, Enthaltungen: 0, Nicht abgegeben: 0"
CDU/CSU,Plum,Martin,1,0,0,0,0,"Ja: 1, Nein: 0, Enthaltungen: 0, Nicht abgegeben: 0"
CDU/CSU,Rachel,Thomas,0,0,0,0,1,"Ja: 0, Nein: 0, Enthaltungen: 0, Nicht abgegeben: 1"
CDU/CSU,Radomski,Kerstin,1,0,0,0,0,"Ja: 1, Nein: 0, Enthaltungen: 0, Nicht abgegeben: 0"
CDU/CSU,Radwan,Alexander,1,0,0,0,0,"Ja: 1, Nein: 0, Enthaltungen: 0, Nicht abgegeben: 0"
CDU/CSU,Rainer,Alois,1,0,0,0,0,"Ja: 1, Nein: 0, Enthaltungen: 0, Nicht abgegeben: 0"
CDU/CSU,Ramsauer,Peter,1,0,0,0,0,"Ja: 1, Nein: 0, Enthaltungen: 0, Nicht abgegeben: 0"
CDU/CSU,Rehbaum,Henning,1,0,0,0,0,"Ja: 1, Nein: 0, Enthaltungen: 0, Nicht abgegeben: 0"
CDU/CSU,Reichel,Markus,1,0,0,0,0,"Ja: 1, Nein: 0, Enthaltungen: 0, Nicht abgegeben: 0"
CDU/CSU,Rief,Josef,1,0,0,0,0,"Ja: 1, Nein: 0, Enthaltungen: 0, Nicht abgegeben: 0"
CDU/CSU,Rohwer,Lars,1,0,0,0,0,"Ja: 1, Nein: 0, Enthaltungen: 0, Nicht abgegeben: 0"
CDU/CSU,Röttgen,Norbert,1,0,0,0,0,"Ja: 1, Nein: 0, Enthaltungen: 0, Nicht abgegeben: 0"
CDU/CSU,Rouenhoff,Stefan,1,0,0,0,0,"Ja: 1, Nein: 0, Enthaltungen: 0, Nicht abgegeben: 0"
CDU/CSU,Röwekamp,Thomas,1,0,0,0,0,"Ja: 1, Nein: 0, Enthaltungen: 0, Nicht abgegeben: 0"
CDU/CSU,Rüddel,Erwin,1,0,0,0,0,"Ja: 1, Nein: 0, Enthaltungen: 0, Nicht abgegeben: 0"
CDU/CSU,Rupprecht,Albert,1,0,0,0,0,"Ja: 1, Nein: 0, Enthaltungen: 0, Nicht abgegeben: 0"
CDU/CSU,Santos-Wintz,Catarina,1,0,0,0,0,"Ja: 1, Nein: 0, Enthaltungen: 0, Nicht abgegeben: 0"
CDU/CSU,Schenderlein,Christiane,1,0,0,0,0,"Ja: 1, Nein: 0, Enthaltungen: 0, Nicht abgegeben: 0"
CDU/CSU,Schimke,Jana,1,0,0,0,0,"Ja: 1, Nein: 0, Enthaltungen: 0, Nicht abgegeben: 0"
CDU/CSU,Schnieder,Patrick,1,0,0,0,0,"Ja: 1, Nein: 0, Enthaltungen: 0, Nicht abgegeben: 0"
CDU/CSU,Schön,Nadine,1,0,0,0,0,"Ja: 1, Nein: 0, Enthaltungen: 0, Nicht abgegeben: 0"
CDU/CSU,Schreiner,Felix,1,0,0,0,0,"Ja: 1, Nein: 0, Enthaltungen: 0, Nicht abgegeben: 0"
CDU/CSU,Seif,Detlef,1,0,0,0,0,"Ja: 1, Nein: 0, Enthaltungen: 0, Nicht abgegeben: 0"
CDU/CSU,Sekmen,Melis,1,0,0,0,0,"Ja: 1, Nein: 0, Enthaltungen: 0, Nicht abgegeben: 0"
CDU/CSU,Silberhorn,Thomas,1,0,0,0,0,"Ja: 1, Nein: 0, Enthaltungen: 0, Nicht abgegeben: 0"
CDU/CSU,Simon,Björn,1,0,0,0,0,"Ja: 1, Nein: 0, Enthaltungen: 0, Nicht abgegeben: 0"
CDU/CSU,Sorge,Tino,1,0,0,0,0,"Ja: 1, Nein: 0, Enthaltungen: 0, Nicht abgegeben: 0"
CDU/CSU,Spahn,Jens,1,0,0,0,0,"Ja: 1, Nein: 0, Enthaltungen: 0, Nicht abgegeben: 0"
CDU/CSU,Staffler,Katrin,1,0,0,0,0,"Ja: 1, Nein: 0, Enthaltungen: 0, Nicht abgegeben: 0"
CDU/CSU,Stefinger,Wolfgang,1,0,0,0,0,"Ja: 1, Nein: 0, Enthaltungen: 0, Nicht abgegeben: 0"
CDU/CSU,Stegemann,Albert,1,0,0,0,0,"Ja: 1, Nein: 0, Enthaltungen: 0, Nicht abgegeben: 0"
CDU/CSU,Steiniger,Johannes,1,0,0,0,0,"Ja: 1, Nein: 0, Enthaltungen: 0, Nicht abgegeben: 0"
CDU/CSU,Stetten,Christian,1,0,0,0,0,"Ja: 1, Nein: 0, Enthaltungen: 0, Nicht abgegeben: 0"
CDU/CSU,Stier,Dieter,1,0,0,0,0,"Ja: 1, Nein: 0, Enthaltungen: 0, Nicht abgegeben: 0"
CDU/CSU,Stracke,Stephan,1,0,0,0,0,"Ja: 1, Nein: 0, Enthaltungen: 0, Nicht abgegeben: 0"
CDU/CSU,Straubinger,Max,1,0,0,0,0,"Ja: 1, Nein: 0, Enthaltungen: 0, Nicht abgegeben: 0"
CDU/CSU,Stumpp,Christina,0,0,0,0,1,"Ja: 0, Nein: 0, Enthaltungen: 0, Nicht abgegeben: 1"
CDU/CSU,Tebroke,Hermann-Josef,1,0,0,0,0,"Ja: 1, Nein: 0, Enthaltungen: 0, Nicht abgegeben: 0"
CDU/CSU,Thies,Hans-Jürgen,1,0,0,0,0,"Ja: 1, Nein: 0, Enthaltungen: 0, Nicht abgegeben: 0"
CDU/CSU,Throm,Alexander,1,0,0,0,0,"Ja: 1, Nein: 0, Enthaltungen: 0, Nicht abgegeben: 0"
CDU/CSU,Tillmann,Antje,1,0,0,0,0,"Ja: 1, Nein: 0, Enthaltungen: 0, Nicht abgegeben: 0"
CDU/CSU,Timmermann-Fechter,Astrid,1,0,0,0,0,"Ja: 1, Nein: 0, Enthaltungen: 0, Nicht abgegeben: 0"
CDU/CSU,Uhl,Markus,1,0,0,0,0,"Ja: 1, Nein: 0, Enthaltungen: 0, Nicht abgegeben: 0"
CDU/CSU,Ullrich,Volker,1,0,0,0,0,"Ja: 1, Nein: 0, Enthaltungen: 0, Nicht abgegeben: 0"
CDU/CSU,Vieregge,Kerstin,1,0,0,0,0,"Ja: 1, Nein: 0, Enthaltungen: 0, Nicht abgegeben: 0"
CDU/CSU,Vogt,Oliver,1,0,0,0,0,"Ja: 1, Nein: 0, Enthaltungen: 0, Nicht abgegeben: 0"
CDU/CSU,Vries,Christoph,1,0,0,0,0,"Ja: 1, Nein: 0, Enthaltungen: 0, Nicht abgegeben: 0"
CDU/CSU,Wadephul,Johann David,1,0,0,0,0,"Ja: 1, Nein: 0, Enthaltungen: 0, Nicht abgegeben: 0"
CDU/CSU,Wanderwitz,Marco,0,0,0,0,1,"Ja: 0, Nein: 0, Enthaltungen: 0, Nicht abgegeben: 1"
CDU/CSU,Warken,Nina,1,0,0,0,0,"Ja: 1, Nein: 0, Enthaltungen: 0, Nicht abgegeben: 0"
CDU/CSU,Weisgerber,Anja,1,0,0,0,0,"Ja: 1, Nein: 0, Enthaltungen: 0, Nicht abgegeben: 0"
CDU/CSU,Weiss,Maria-Lena,1,0,0,0,0,"Ja: 1, Nein: 0, Enthaltungen: 0, Nicht abgegeben: 0"
CDU/CSU,Weiss (Wesel I),Sabine,1,0,0,0,0,"Ja: 1, Nein: 0, Enthaltungen: 0, Nicht abgegeben: 0"
CDU/CSU,Wellenreuther,Ingo,1,0,0,0,0,"Ja: 1, Nein: 0, Enthaltungen: 0, Nicht abgegeben: 0"
CDU/CSU,Whittaker,Kai,1,0,0,0,0,"Ja: 1, Nein: 0, Enthaltungen: 0, Nicht abgegeben: 0"
CDU/CSU,Widmann-Mauz,Annette,1,0,0,0,0,"Ja: 1, Nein: 0, Enthaltungen: 0, Nicht abgegeben: 0"
CDU/CSU,Wiener,Klaus,1,0,0,0,0,"Ja: 1, Nein: 0, Enthaltungen: 0, Nicht abgegeben: 0"
CDU/CSU,Wiesmann,Bettina Margarethe,1,0,0,0,0,"Ja: 1, Nein: 0, Enthaltungen: 0, Nicht abgegeben: 0"
CDU/CSU,Willsch,Klaus-Peter,1,0,0,0,0,"Ja: 1, Nein: 0, Enthaltungen: 0, Nicht abgegeben: 0"
CDU/CSU,Winkelmeier-Becker,Elisabeth,1,0,0,0,0,"Ja: 1, Nein: 0, Enthaltungen: 0, Nicht abgegeben: 0"
CDU/CSU,Winkler,Tobias,1,0,0,0,0,"Ja: 1, Nein: 0, Enthaltungen: 0, Nicht abgegeben: 0"
CDU/CSU,Wittmann,Mechthilde,1,0,0,0,0,"Ja: 1, Nein: 0, Enthaltungen: 0, Nicht abgegeben: 0"
CDU/CSU,Wulf,Mareike Lotte,1,0,0,0,0,"Ja: 1, Nein: 0, Enthaltungen: 0, Nicht abgegeben: 0"
CDU/CSU,Zeulner,Emmi,0,0,0,0,1,"Ja: 0, Nein: 0, Enthaltungen: 0, Nicht abgegeben: 1"
CDU/CSU,Ziemiak,Paul,1,0,0,0,0,"Ja: 1, Nein: 0, Enthaltungen: 0, Nicht abgegeben: 0"
CDU/CSU,Zippelius,Nicolas,1,0,0,0,0,"Ja: 1, Nein: 0, Enthaltungen: 0, Nicht abgegeben: 0"
BÜ90/GR,Aeffner,Stephanie,1,0,0,0,0,"Ja: 1, Nein: 0, Enthaltungen: 0, Nicht abgegeben: 0"
BÜ90/GR,Amtsberg,Luise,1,0,0,0,0,"Ja: 1, Nein: 0, Enthaltungen: 0, Nicht abgegeben: 0"
BÜ90/GR,Audretsch,Andreas,1,0,0,0,0,"Ja: 1, Nein: 0, Enthaltungen: 0, Nicht abgegeben: 0"
BÜ90/GR,Außendorf,Maik,1,0,0,0,0,"Ja: 1, Nein: 0, Enthaltungen: 0, Nicht abgegeben: 0"
BÜ90/GR,Bacherle,Tobias B.,1,0,0,0,0,"Ja: 1, Nein: 0, Enthaltungen: 0, Nicht abgegeben: 0"
BÜ90/GR,Badum,Lisa,1,0,0,0,0,"Ja: 1, Nein: 0, Enthaltungen: 0, Nicht abgegeben: 0"
BÜ90/GR,Baerbock,Annalena,1,0,0,0,0,"Ja: 1, Nein: 0, Enthaltungen: 0, Nicht abgegeben: 0"
BÜ90/GR,Banaszak,Felix,1,0,0,0,0,"Ja: 1, Nein: 0, Enthaltungen: 0, Nicht abgegeben: 0"
BÜ90/GR,Bär,Karl,1,0,0,0,0,"Ja: 1, Nein: 0, Enthaltungen: 0, Nicht abgegeben: 0"
BÜ90/GR,Bayram,Canan,1,0,0,0,0,"Ja: 1, Nein: 0, Enthaltungen: 0, Nicht abgegeben: 0"
BÜ90/GR,Beck,Katharina,1,0,0,0,0,"Ja: 1, Nein: 0, Enthaltungen: 0, Nicht abgegeben: 0"
BÜ90/GR,Benner,Lukas,1,0,0,0,0,"Ja: 1, Nein: 0, Enthaltungen: 0, Nicht abgegeben: 0"
BÜ90/GR,Brantner,Franziska,1,0,0,0,0,"Ja: 1, Nein: 0, Enthaltungen: 0, Nicht abgegeben: 0"
BÜ90/GR,Brugger,Agnieszka,1,0,0,0,0,"Ja: 1, Nein: 0, Enthaltungen: 0, Nicht abgegeben: 0"
BÜ90/GR,Bsirske,Frank,1,0,0,0,0,"Ja: 1, Nein: 0, Enthaltungen: 0, Nicht abgegeben: 0"
BÜ90/GR,Christmann,Anna,1,0,0,0,0,"Ja: 1, Nein: 0, Enthaltungen: 0, Nicht abgegeben: 0"
BÜ90/GR,Dahmen,Janosch,0,0,0,0,1,"Ja: 0, Nein: 0, Enthaltungen: 0, Nicht abgegeben: 1"
BÜ90/GR,Deligöz,Ekin,1,0,0,0,0,"Ja: 1, Nein: 0, Enthaltungen: 0, Nicht abgegeben: 0"
BÜ90/GR,Detzer,Sandra,0,0,0,0,1,"Ja: 0, Nein: 0, Enthaltungen: 0, Nicht abgegeben: 1"
BÜ90/GR,Dröge,Katharina,1,0,0,0,0,"Ja: 1, Nein: 0, Enthaltungen: 0, Nicht abgegeben: 0"
BÜ90/GR,Düring,Deborah,1,0,0,0,0,"Ja: 1, Nein: 0, Enthaltungen: 0, Nicht abgegeben: 0"
BÜ90/GR,Ebner,Harald,1,0,0,0,0,"Ja: 1, Nein: 0, Enthaltungen: 0, Nicht abgegeben: 0"
BÜ90/GR,Eckert,Leon,1,0,0,0,0,"Ja: 1, Nein: 0, Enthaltungen: 0, Nicht abgegeben: 0"
BÜ90/GR,Emmerich,Marcel,1,0,0,0,0,"Ja: 1, Nein: 0, Enthaltungen: 0, Nicht abgegeben: 0"
BÜ90/GR,Fester,Emilia,1,0,0,0,0,"Ja: 1, Nein: 0, Enthaltungen: 0, Nicht abgegeben: 0"
BÜ90/GR,Gambir,Schahina,1,0,0,0,0,"Ja: 1, Nein: 0, Enthaltungen: 0, Nicht abgegeben: 0"
BÜ90/GR,Ganserer,Tessa,0,0,0,0,1,"Ja: 0, Nein: 0, Enthaltungen: 0, Nicht abgegeben: 1"
BÜ90/GR,Gastel,Matthias,1,0,0,0,0,"Ja: 1, Nein: 0, Enthaltungen: 0, Nicht abgegeben: 0"
BÜ90/GR,Gehring,Kai,1,0,0,0,0,"Ja: 1, Nein: 0, Enthaltungen: 0, Nicht abgegeben: 0"
BÜ90/GR,Gelbhaar,Stefan,1,0,0,0,0,"Ja: 1, Nein: 0, Enthaltungen: 0, Nicht abgegeben: 0"
BÜ90/GR,Gesenhues,Jan-Niclas,1,0,0,0,0,"Ja: 1, Nein: 0, Enthaltungen: 0, Nicht abgegeben: 0"
BÜ90/GR,Göring-Eckardt,Katrin,1,0,0,0,0,"Ja: 1, Nein: 0, Enthaltungen: 0, Nicht abgegeben: 0"
BÜ90/GR,Grau,Armin,1,0,0,0,0,"Ja: 1, Nein: 0, Enthaltungen: 0, Nicht abgegeben: 0"
BÜ90/GR,Grundl,Erhard,1,0,0,0,0,"Ja: 1, Nein: 0, Enthaltungen: 0, Nicht abgegeben: 0"
BÜ90/GR,Grützmacher,Sabine,0,0,0,0,1,"Ja: 0, Nein: 0, Enthaltungen: 0, Nicht abgegeben: 1"
BÜ90/GR,Habeck,Robert,1,0,0,0,0,"Ja: 1, Nein: 0, Enthaltungen: 0, Nicht abgegeben: 0"
BÜ90/GR,Haßelmann,Britta,1,0,0,0,0,"Ja: 1, Nein: 0, Enthaltungen: 0, Nicht abgegeben: 0"
BÜ90/GR,Heitmann,Linda,1,0,0,0,0,"Ja: 1, Nein: 0, Enthaltungen: 0, Nicht abgegeben: 0"
BÜ90/GR,Henneberger,Kathrin,1,0,0,0,0,"Ja: 1, Nein: 0, Enthaltungen: 0, Nicht abgegeben: 0"
BÜ90/GR,Herrmann,Bernhard,1,0,0,0,0,"Ja: 1, Nein: 0, Enthaltungen: 0, Nicht abgegeben: 0"
BÜ90/GR,Hoffmann,Bettina,1,0,0,0,0,"Ja: 1, Nein: 0, Enthaltungen: 0, Nicht abgegeben: 0"
BÜ90/GR,Hofreiter,Anton,1,0,0,0,0,"Ja: 1, Nein: 0, Enthaltungen: 0, Nicht abgegeben: 0"
BÜ90/GR,Holtz,Ottmar,1,0,0,0,0,"Ja: 1, Nein: 0, Enthaltungen: 0, Nicht abgegeben: 0"
BÜ90/GR,Hönel,Bruno,1,0,0,0,0,"Ja: 1, Nein: 0, Enthaltungen: 0, Nicht abgegeben: 0"
BÜ90/GR,Janecek,Dieter,1,0,0,0,0,"Ja: 1, Nein: 0, Enthaltungen: 0, Nicht abgegeben: 0"
BÜ90/GR,Kaddor,Lamya,1,0,0,0,0,"Ja: 1, Nein: 0, Enthaltungen: 0, Nicht abgegeben: 0"
BÜ90/GR,Kappert-Gonther,Kirsten,1,0,0,0,0,"Ja: 1, Nein: 0, Enthaltungen: 0, Nicht abgegeben: 0"
BÜ90/GR,Kekeritz,Uwe,1,0,0,0,0,"Ja: 1, Nein: 0, Enthaltungen: 0, Nicht abgegeben: 0"
BÜ90/GR,Kellner,Michael,1,0,0,0,0,"Ja: 1, Nein: 0, Enthaltungen: 0, Nicht abgegeben: 0"
BÜ90/GR,Keul,Katja,1,0,0,0,0,"Ja: 1, Nein: 0, Enthaltungen: 0, Nicht abgegeben: 0"
BÜ90/GR,Khan,Misbah,1,0,0,0,0,"Ja: 1, Nein: 0, Enthaltungen: 0, Nicht abgegeben: 0"
BÜ90/GR,Kindler,Sven-Christian,1,0,0,0,0,"Ja: 1, Nein: 0, Enthaltungen: 0, Nicht abgegeben: 0"
BÜ90/GR,Klein-Schmeink,Maria,1,0,0,0,0,"Ja: 1, Nein: 0, Enthaltungen: 0, Nicht abgegeben: 0"
BÜ90/GR,Kopf,Chantal,1,0,0,0,0,"Ja: 1, Nein: 0, Enthaltungen: 0, Nicht abgegeben: 0"
BÜ90/GR,Kraft,Laura,1,0,0,0,0,"Ja: 1, Nein: 0, Enthaltungen: 0, Nicht abgegeben: 0"
BÜ90/GR,Krämer,Philip,1,0,0,0,0,"Ja: 1, Nein: 0, Enthaltungen: 0, Nicht abgegeben: 0"
BÜ90/GR,Kretz,Jürgen,1,0,0,0,0,"Ja: 1, Nein: 0, Enthaltungen: 0, Nicht abgegeben: 0"
BÜ90/GR,Krumwiede-Steiner,Franziska,1,0,0,0,0,"Ja: 1, Nein: 0, Enthaltungen: 0, Nicht abgegeben: 0"
BÜ90/GR,Künast,Renate,1,0,0,0,0,"Ja: 1, Nein: 0, Enthaltungen: 0, Nicht abgegeben: 0"
BÜ90/GR,Kurth,Markus,1,0,0,0,0,"Ja: 1, Nein: 0, Enthaltungen: 0, Nicht abgegeben: 0"
BÜ90/GR,Lang,Ricarda,1,0,0,0,0,"Ja: 1, Nein: 0, Enthaltungen: 0, Nicht abgegeben: 0"
BÜ90/GR,Lehmann,Sven,1,0,0,0,0,"Ja: 1, Nein: 0, Enthaltungen: 0, Nicht abgegeben: 0"
BÜ90/GR,Lemke,Steffi,1,0,0,0,0,"Ja: 1, Nein: 0, Enthaltungen: 0, Nicht abgegeben: 0"
BÜ90/GR,Liebert,Anja,1,0,0,0,0,"Ja: 1, Nein: 0, Enthaltungen: 0, Nicht abgegeben: 0"
BÜ90/GR,Limburg,Helge,1,0,0,0,0,"Ja: 1, Nein: 0, Enthaltungen: 0, Nicht abgegeben: 0"
BÜ90/GR,Lindner,Tobias,0,0,0,0,1,"Ja: 0, Nein: 0, Enthaltungen: 0, Nicht abgegeben: 1"
BÜ90/GR,Loop,Denise,1,0,0,0,0,"Ja: 1, Nein: 0, Enthaltungen: 0, Nicht abgegeben: 0"
BÜ90/GR,Lucks,Max,1,0,0,0,0,"Ja: 1, Nein: 0, Enthaltungen: 0, Nicht abgegeben: 0"
BÜ90/GR,Lührmann,Anna,1,0,0,0,0,"Ja: 1, Nein: 0, Enthaltungen: 0, Nicht abgegeben: 0"
BÜ90/GR,Mayer,Zoe,1,0,0,0,0,"Ja: 1, Nein: 0, Enthaltungen: 0, Nicht abgegeben: 0"
BÜ90/GR,Menge,Susanne,1,0,0,0,0,"Ja: 1, Nein: 0, Enthaltungen: 0, Nicht abgegeben: 0"
BÜ90/GR,Michaelsen,Swantje Henrike,1,0,0,0,0,"Ja: 1, Nein: 0, Enthaltungen: 0, Nicht abgegeben: 0"
BÜ90/GR,Mihalic,Irene,1,0,0,0,0,"Ja: 1, Nein: 0, Enthaltungen: 0, Nicht abgegeben: 0"
BÜ90/GR,Mijatović,Boris,1,0,0,0,0,"Ja: 1, Nein: 0, Enthaltungen: 0, Nicht abgegeben: 0"
BÜ90/GR,Müller,Claudia,0,0,0,0,1,"Ja: 0, Nein: 0, Enthaltungen: 0, Nicht abgegeben: 1"
BÜ90/GR,Müller,Sascha,1,0,0,0,0,"Ja: 1, Nein: 0, Enthaltungen: 0, Nicht abgegeben: 0"
BÜ90/GR,Müller-Gemmeke,Beate,1,0,0,0,0,"Ja: 1, Nein: 0, Enthaltungen: 0, Nicht abgegeben: 0"
BÜ90/GR,Nanni,Sara,1,0,0,0,0,"Ja: 1, Nein: 0, Enthaltungen: 0, Nicht abgegeben: 0"
BÜ90/GR,Nestle,Ingrid,1,0,0,0,0,"Ja: 1, Nein: 0, Enthaltungen: 0, Nicht abgegeben: 0"
BÜ90/GR,Nick,Ophelia,1,0,0,0,0,"Ja: 1, Nein: 0, Enthaltungen: 0, Nicht abgegeben: 0"
BÜ90/GR,Notz,Konstantin,1,0,0,0,0,"Ja: 1, Nein: 0, Enthaltungen: 0, Nicht abgegeben: 0"
BÜ90/GR,Nouripour,Omid,1,0,0,0,0,"Ja: 1, Nein: 0, Enthaltungen: 0, Nicht abgegeben: 0"
BÜ90/GR,Otte,Karoline,1,0,0,0,0,"Ja: 1, Nein: 0, Enthaltungen: 0, Nicht abgegeben: 0"
BÜ90/GR,Özdemir,Cem,1,0,0,0,0,"Ja: 1, Nein: 0, Enthaltungen: 0, Nicht abgegeben: 0"
BÜ90/GR,Pahlke,Julian,1,0,0,0,0,"Ja: 1, Nein: 0, Enthaltungen: 0, Nicht abgegeben: 0"
BÜ90/GR,Paus,Lisa,1,0,0,0,0,"Ja: 1, Nein: 0, Enthaltungen: 0, Nicht abgegeben: 0"
BÜ90/GR,Piechotta,Paula,1,0,0,0,0,"Ja: 1, Nein: 0, Enthaltungen: 0, Nicht abgegeben: 0"
BÜ90/GR,Polat,Filiz,1,0,0,0,0,"Ja: 1, Nein: 0, Enthaltungen: 0, Nicht abgegeben: 0"
BÜ90/GR,Reinalter,Anja,1,0,0,0,0,"Ja: 1, Nein: 0, Enthaltungen: 0, Nicht abgegeben: 0"
BÜ90/GR,Rößner,Tabea,1,0,0,0,0,"Ja: 1, Nein: 0, Enthaltungen: 0, Nicht abgegeben: 0"
BÜ90/GR,Roth (Augsburg),Claudia,1,0,0,0,0,"Ja: 1, Nein: 0, Enthaltungen: 0, Nicht abgegeben: 0"
BÜ90/GR,Rüffer,Corinna,1,0,0,0,0,"Ja: 1, Nein: 0, Enthaltungen: 0, Nicht abgegeben: 0"
BÜ90/GR,Sacher,Michael,1,0,0,0,0,"Ja: 1, Nein: 0, Enthaltungen: 0, Nicht abgegeben: 0"
BÜ90/GR,Schäfer,Jamila,1,0,0,0,0,"Ja: 1, Nein: 0, Enthaltungen: 0, Nicht abgegeben: 0"
BÜ90/GR,Schäfer,Sebastian,1,0,0,0,0,"Ja: 1, Nein: 0, Enthaltungen: 0, Nicht abgegeben: 0"
BÜ90/GR,Schauws,Ulle,1,0,0,0,0,"Ja: 1, Nein: 0, Enthaltungen: 0, Nicht abgegeben: 0"
BÜ90/GR,Schmidt,Stefan,1,0,0,0,0,"Ja: 1, Nein: 0, Enthaltungen: 0, Nicht abgegeben: 0"
BÜ90/GR,Schönberger,Marlene,1,0,0,0,0,"Ja: 1, Nein: 0, Enthaltungen: 0, Nicht abgegeben: 0"
BÜ90/GR,Schröder,Christina-Johanne,1,0,0,0,0,"Ja: 1, Nein: 0, Enthaltungen: 0, Nicht abgegeben: 0"
BÜ90/GR,Schulz-Asche,Kordula,1,0,0,0,0,"Ja: 1, Nein: 0, Enthaltungen: 0, Nicht abgegeben: 0"
BÜ90/GR,Slawik,Nyke,1,0,0,0,0,"Ja: 1, Nein: 0, Enthaltungen: 0, Nicht abgegeben: 0"
BÜ90/GR,Spallek,Anne Monika,1,0,0,0,0,"Ja: 1, Nein: 0, Enthaltungen: 0, Nicht abgegeben: 0"
BÜ90/GR,Spellerberg,Merle,1,0,0,0,0,"Ja: 1, Nein: 0, Enthaltungen: 0, Nicht abgegeben: 0"
BÜ90/GR,Steffen,Till,1,0,0,0,0,"Ja: 1, Nein: 0, Enthaltungen: 0, Nicht abgegeben: 0"
BÜ90/GR,Steinmüller,Hanna,0,0,0,0,1,"Ja: 0, Nein: 0, Enthaltungen: 0, Nicht abgegeben: 1"
BÜ90/GR,Strengmann-Kuhn,Wolfgang,1,0,0,0,0,"Ja: 1, Nein: 0, Enthaltungen: 0, Nicht abgegeben: 0"
BÜ90/GR,Taher Saleh,Kassem,1,0,0,0,0,"Ja: 1, Nein: 0, Enthaltungen: 0, Nicht abgegeben: 0"
BÜ90/GR,Tesfaiesus,Awet,1,0,0,0,0,"Ja: 1, Nein: 0, Enthaltungen: 0, Nicht abgegeben: 0"
BÜ90/GR,Uhlig,Katrin,1,0,0,0,0,"Ja: 1, Nein: 0, Enthaltungen: 0, Nicht abgegeben: 0"
BÜ90/GR,Verlinden,Julia,1,0,0,0,0,"Ja: 1, Nein: 0, Enthaltungen: 0, Nicht abgegeben: 0"
BÜ90/GR,Wagener,Niklas,1,0,0,0,0,"Ja: 1, Nein: 0, Enthaltungen: 0, Nicht abgegeben: 0"
BÜ90/GR,Wagener,Robin,1,0,0,0,0,"Ja: 1, Nein: 0, Enthaltungen: 0, Nicht abgegeben: 0"
BÜ90/GR,Wagner,Johannes,1,0,0,0,0,"Ja: 1, Nein: 0, Enthaltungen: 0, Nicht abgegeben: 0"
BÜ90/GR,Walter-Rosenheimer,Beate,0,0,0,0,1,"Ja: 0, Nein: 0, Enthaltungen: 0, Nicht abgegeben: 1"
BÜ90/GR,Weishaupt,Saskia,0,0,0,0,1,"Ja: 0, Nein: 0, Enthaltungen: 0, Nicht abgegeben: 1"
BÜ90/GR,Wenzel,Stefan,1,0,0,0,0,"Ja: 1, Nein: 0, Enthaltungen: 0, Nicht abgegeben: 0"
BÜ90/GR,Winklmann,Tina,1,0,0,0,0,"Ja: 1, Nein: 0, Enthaltungen: 0, Nicht abgegeben: 0"
FDP,Abel,Valentin,1,0,0,0,0,"Ja: 1, Nein: 0, Enthaltungen: 0, Nicht abgegeben: 0"
FDP,Adler,Katja,1,0,0,0,0,"Ja: 1, Nein: 0, Enthaltungen: 0, Nicht abgegeben: 0"
FDP,Al-Halak,Muhanad,1,0,0,0,0,"Ja: 1, Nein: 0, Enthaltungen: 0, Nicht abgegeben: 0"
FDP,Alt,Renata,1,0,0,0,0,"Ja: 1, Nein: 0, Enthaltungen: 0, Nicht abgegeben: 0"
FDP,Aschenberg-Dugnus,Christine,1,0,0,0,0,"Ja: 1, Nein: 0, Enthaltungen: 0, Nicht abgegeben: 0"
FDP,Bartelt,Christian,1,0,0,0,0,"Ja: 1, Nein: 0, Enthaltungen: 0, Nicht abgegeben: 0"
FDP,Bauer,Nicole,1,0,0,0,0,"Ja: 1, Nein: 0, Enthaltungen: 0, Nicht abgegeben: 0"
FDP,Beeck,Jens,1,0,0,0,0,"Ja: 1, Nein: 0, Enthaltungen: 0, Nicht abgegeben: 0"
FDP,Bodtke,Ingo,1,0,0,0,0,"Ja: 1, Nein: 0, Enthaltungen: 0, Nicht abgegeben: 0"
FDP,Boginski,Friedhelm,1,0,0,0,0,"Ja: 1, Nein: 0, Enthaltungen: 0, Nicht abgegeben: 0"
FDP,Brandenburg (Rhein-Neckar),Jens,1,0,0,0,0,"Ja: 1, Nein: 0, Enthaltungen: 0, Nicht abgegeben: 0"
FDP,Brandenburg (Südpfalz),Mario,1,0,0,0,0,"Ja: 1, Nein: 0, Enthaltungen: 0, Nicht abgegeben: 0"
FDP,Bubendorfer-Licht,Sandra,1,0,0,0,0,"Ja: 1, Nein: 0, Enthaltungen: 0, Nicht abgegeben: 0"
FDP,Buschmann,Marco,1,0,0,0,0,"Ja: 1, Nein: 0, Enthaltungen: 0, Nicht abgegeben: 0"
FDP,Busen,Karlheinz,1,0,0,0,0,"Ja: 1, Nein: 0, Enthaltungen: 0, Nicht abgegeben: 0"
FDP,Cronenberg,Carl-Julius,1,0,0,0,0,"Ja: 1, Nein: 0, Enthaltungen: 0, Nicht abgegeben: 0"
FDP,Djir-Sarai,Bijan,1,0,0,0,0,"Ja: 1, Nein: 0, Enthaltungen: 0, Nicht abgegeben: 0"
FDP,Dürr,Christian,1,0,0,0,0,"Ja: 1, Nein: 0, Enthaltungen: 0, Nicht abgegeben: 0"
FDP,Faber,Marcus,1,0,0,0,0,"Ja: 1, Nein: 0, Enthaltungen: 0, Nicht abgegeben: 0"
FDP,Föst,Daniel,1,0,0,0,0,"Ja: 1, Nein: 0, Enthaltungen: 0, Nicht abgegeben: 0"
FDP,Fricke,Otto,1,0,0,0,0,"Ja: 1, Nein: 0, Enthaltungen: 0, Nicht abgegeben: 0"
FDP,Funke-Kaiser,Maximilian,1,0,0,0,0,"Ja: 1, Nein: 0, Enthaltungen: 0, Nicht abgegeben: 0"
FDP,Gassner-Herz,Martin,1,0,0,0,0,"Ja: 1, Nein: 0, Enthaltungen: 0, Nicht abgegeben: 0"
FDP,Gerschau,Knut,1,0,0,0,0,"Ja: 1, Nein: 0, Enthaltungen: 0, Nicht abgegeben: 0"
FDP,Glogowski-Merten,Anikó,1,0,0,0,0,"Ja: 1, Nein: 0, Enthaltungen: 0, Nicht abgegeben: 0"
FDP,Griewel,Fabian,1,0,0,0,0,"Ja: 1, Nein: 0, Enthaltungen: 0, Nicht abgegeben: 0"
FDP,Gründer,Nils,1,0,0,0,0,"Ja: 1, Nein: 0, Enthaltungen: 0, Nicht abgegeben: 0"
FDP,Grünke,Julian,1,0,0,0,0,"Ja: 1, Nein: 0, Enthaltungen: 0, Nicht abgegeben: 0"
FDP,Hacker,Thomas,1,0,0,0,0,"Ja: 1, Nein: 0, Enthaltungen: 0, Nicht abgegeben: 0"
FDP,Hartewig,Philipp,1,0,0,0,0,"Ja: 1, Nein: 0, Enthaltungen: 0, Nicht abgegeben: 0"
FDP,Harzer,Ulrike,1,0,0,0,0,"Ja: 1, Nein: 0, Enthaltungen: 0, Nicht abgegeben: 0"
FDP,Heidt,Peter,1,0,0,0,0,"Ja: 1, Nein: 0, Enthaltungen: 0, Nicht abgegeben: 0"
FDP,Helling-Plahr,Katrin,1,0,0,0,0,"Ja: 1, Nein: 0, Enthaltungen: 0, Nicht abgegeben: 0"
FDP,Herbrand,Markus,1,0,0,0,0,"Ja: 1, Nein: 0, Enthaltungen: 0, Nicht abgegeben: 0"
FDP,Herbst,Torsten,1,0,0,0,0,"Ja: 1, Nein: 0, Enthaltungen: 0, Nicht abgegeben: 0"
FDP,Hessel,Katja,1,0,0,0,0,"Ja: 1, Nein: 0, Enthaltungen: 0, Nicht abgegeben: 0"
FDP,Hocker,Gero Clemens,1,0,0,0,0,"Ja: 1, Nein: 0, Enthaltungen: 0, Nicht abgegeben: 0"
FDP,Höferlin,Manuel,1,0,0,0,0,"Ja: 1, Nein: 0, Enthaltungen: 0, Nicht abgegeben: 0"
FDP,Hoffmann,Christoph,1,0,0,0,0,"Ja: 1, Nein: 0, Enthaltungen: 0, Nicht abgegeben: 0"
FDP,Houben,Reinhard,1,0,0,0,0,"Ja: 1, Nein: 0, Enthaltungen: 0, Nicht abgegeben: 0"
FDP,In der Beek,Olaf,1,0,0,0,0,"Ja: 1, Nein: 0, Enthaltungen: 0, Nicht abgegeben: 0"
FDP,Jensen,Gyde,1,0,0,0,0,"Ja: 1, Nein: 0, Enthaltungen: 0, Nicht abgegeben: 0"
FDP,Jurisch,Ann-Veruschka,0,0,0,0,1,"Ja: 0, Nein: 0, Enthaltungen: 0, Nicht abgegeben: 1"
FDP,Klein,Karsten,1,0,0,0,0,"Ja: 1, Nein: 0, Enthaltungen: 0, Nicht abgegeben: 0"
FDP,Kluckert,Daniela,1,0,0,0,0,"Ja: 1, Nein: 0, Enthaltungen: 0, Nicht abgegeben: 0"
FDP,Kober,Pascal,1,0,0,0,0,"Ja: 1, Nein: 0, Enthaltungen: 0, Nicht abgegeben: 0"
FDP,Köhler,Lukas,0,0,0,0,1,"Ja: 0, Nein: 0, Enthaltungen: 0, Nicht abgegeben: 1"
FDP,Konrad,Carina,1,0,0,0,0,"Ja: 1, Nein: 0, Enthaltungen: 0, Nicht abgegeben: 0"
FDP,Kruse,Michael,0,0,0,0,1,"Ja: 0, Nein: 0, Enthaltungen: 0, Nicht abgegeben: 1"
FDP,Kubicki,Wolfgang,1,0,0,0,0,"Ja: 1, Nein: 0, Enthaltungen: 0, Nicht abgegeben: 0"
FDP,Kuhle,Konstantin,1,0,0,0,0,"Ja: 1, Nein: 0, Enthaltungen: 0, Nicht abgegeben: 0"
FDP,Lechte,Ulrich,1,0,0,0,0,"Ja: 1, Nein: 0, Enthaltungen: 0, Nicht abgegeben: 0"
FDP,Lenders,Jürgen,1,0,0,0,0,"Ja: 1, Nein: 0, Enthaltungen: 0, Nicht abgegeben: 0"
FDP,Lieb,Thorsten,1,0,0,0,0,"Ja: 1, Nein: 0, Enthaltungen: 0, Nicht abgegeben: 0"
FDP,Lindner,Christian,1,0,0,0,0,"Ja: 1, Nein: 0, Enthaltungen: 0, Nicht abgegeben: 0"
FDP,Link (Heilbronn),Michael Georg,0,0,0,0,1,"Ja: 0, Nein: 0, Enthaltungen: 0, Nicht abgegeben: 1"
FDP,Luksic,Oliver,1,0,0,0,0,"Ja: 1, Nein: 0, Enthaltungen: 0, Nicht abgegeben: 0"
FDP,Lütke,Kristine,1,0,0,0,0,"Ja: 1, Nein: 0, Enthaltungen: 0, Nicht abgegeben: 0"
FDP,Mansmann,Till,0,0,0,0,1,"Ja: 0, Nein: 0, Enthaltungen: 0, Nicht abgegeben: 1"
FDP,Meyer,Christoph,1,0,0,0,0,"Ja: 1, Nein: 0, Enthaltungen: 0, Nicht abgegeben: 0"
FDP,Mordhorst,Maximilian,1,0,0,0,0,"Ja: 1, Nein: 0, Enthaltungen: 0, Nicht abgegeben: 0"
FDP,Müller,Alexander,1,0,0,0,0,"Ja: 1, Nein: 0, Enthaltungen: 0, Nicht abgegeben: 0"
FDP,Müller-Rosentritt,Frank,1,0,0,0,0,"Ja: 1, Nein: 0, Enthaltungen: 0, Nicht abgegeben: 0"
FDP,Raffelhüschen,Claudia,1,0,0,0,0,"Ja: 1, Nein: 0, Enthaltungen: 0, Nicht abgegeben: 0"
FDP,Redder,Volker,0,0,0,0,1,"Ja: 0, Nein: 0, Enthaltungen: 0, Nicht abgegeben: 1"
FDP,Reuther,Bernd,0,0,0,0,1,"Ja: 0, Nein: 0, Enthaltungen: 0, Nicht abgegeben: 1"
FDP,Sauter,Christian,1,0,0,0,0,"Ja: 1, Nein: 0, Enthaltungen: 0, Nicht abgegeben: 0"
FDP,Schäffler,Frank,1,0,0,0,0,"Ja: 1, Nein: 0, Enthaltungen: 0, Nicht abgegeben: 0"
FDP,Schröder,Ria,1,0,0,0,0,"Ja: 1, Nein: 0, Enthaltungen: 0, Nicht abgegeben: 0"
FDP,Schulz,Anja,1,0,0,0,0,"Ja: 1, Nein: 0, Enthaltungen: 0, Nicht abgegeben: 0"
FDP,Seestern-Pauly,Matthias,1,0,0,0,0,"Ja: 1, Nein: 0, Enthaltungen: 0, Nicht abgegeben: 0"
FDP,Seiter,Stephan,1,0,0,0,0,"Ja: 1, Nein: 0, Enthaltungen: 0, Nicht abgegeben: 0"
FDP,Semet,Rainer,1,0,0,0,0,"Ja: 1, Nein: 0, Enthaltungen: 0, Nicht abgegeben: 0"
FDP,Skudelny,Judith,1,0,0,0,0,"Ja: 1, Nein: 0, Enthaltungen: 0, Nicht abgegeben: 0"
FDP,Stark-Watzinger,Bettina,0,0,0,0,1,"Ja: 0, Nein: 0, Enthaltungen: 0, Nicht abgegeben: 1"
FDP,Stockmeier,Konrad,1,0,0,0,0,"Ja: 1, Nein: 0, Enthaltungen: 0, Nicht abgegeben: 0"
FDP,Strasser,Benjamin,1,0,0,0,0,"Ja: 1, Nein: 0, Enthaltungen: 0, Nicht abgegeben: 0"
FDP,Teuteberg,Linda,0,0,0,0,1,"Ja: 0, Nein: 0, Enthaltungen: 0, Nicht abgegeben: 1"
FDP,Teutrine,Jens,1,0,0,0,0,"Ja: 1, Nein: 0, Enthaltungen: 0, Nicht abgegeben: 0"
FDP,Thomae,Stephan,1,0,0,0,0,"Ja: 1, Nein: 0, Enthaltungen: 0, Nicht abgegeben: 0"
FDP,Tippelt,Nico,1,0,0,0,0,"Ja: 1, Nein: 0, Enthaltungen: 0, Nicht abgegeben: 0"
FDP,Todtenhausen,Manfred,1,0,0,0,0,"Ja: 1, Nein: 0, Enthaltungen: 0, Nicht abgegeben: 0"
FDP,Toncar,Florian,1,0,0,0,0,"Ja: 1, Nein: 0, Enthaltungen: 0, Nicht abgegeben: 0"
FDP,Ullmann,Andrew,1,0,0,0,0,"Ja: 1, Nein: 0, Enthaltungen: 0, Nicht abgegeben: 0"
FDP,Ullrich,Gerald,1,0,0,0,0,"Ja: 1, Nein: 0, Enthaltungen: 0, Nicht abgegeben: 0"
FDP,Vogel,Johannes,1,0,0,0,0,"Ja: 1, Nein: 0, Enthaltungen: 0, Nicht abgegeben: 0"
FDP,Wagner,Tim,1,0,0,0,0,"Ja: 1, Nein: 0, Enthaltungen: 0, Nicht abgegeben: 0"
FDP,Weeser,Sandra,1,0,0,0,0,"Ja: 1, Nein: 0, Enthaltungen: 0, Nicht abgegeben: 0"
FDP,Westig,Nicole,1,0,0,0,0,"Ja: 1, Nein: 0, Enthaltungen: 0, Nicht abgegeben: 0"
FDP,Willkomm,Katharina,1,0,0,0,0,"Ja: 1, Nein: 0, Enthaltungen: 0, Nicht abgegeben: 0"
AfD,Bachmann,Carolin,0,1,0,0,0,"Ja: 0, Nein: 1, Enthaltungen: 0, Nicht abgegeben: 0"
AfD,Baum,Christina,0,1,0,0,0,"Ja: 0, Nein: 1, Enthaltungen: 0, Nicht abgegeben: 0"
AfD,Baumann,Bernd,0,1,0,0,0,"Ja: 0, Nein: 1, Enthaltungen: 0, Nicht abgegeben: 0"
AfD,Beckamp,Roger,0,1,0,0,0,"Ja: 0, Nein: 1, Enthaltungen: 0, Nicht abgegeben: 0"
AfD,Benkstein,Barbara,0,1,0,0,0,"Ja: 0, Nein: 1, Enthaltungen: 0, Nicht abgegeben: 0"
AfD,Bernhard,Marc,0,1,0,0,0,"Ja: 0, Nein: 1, Enthaltungen: 0, Nicht abgegeben: 0"
AfD,Bleck,Andreas,0,1,0,0,0,"Ja: 0, Nein: 1, Enthaltungen: 0, Nicht abgegeben: 0"
AfD,Bochmann,René,0,1,0,0,0,"Ja: 0, Nein: 1, Enthaltungen: 0, Nicht abgegeben: 0"
AfD,Boehringer,Peter,0,1,0,0,0,"Ja: 0, Nein: 1, Enthaltungen: 0, Nicht abgegeben: 0"
AfD,Bollmann,Gereon,0,1,0,0,0,"Ja: 0, Nein: 1, Enthaltungen: 0, Nicht abgegeben: 0"
AfD,Brandes,Dirk,0,0,0,0,1,"Ja: 0, Nein: 0, Enthaltungen: 0, Nicht abgegeben: 1"
AfD,Brandner,Stephan,0,1,0,0,0,"Ja: 0, Nein: 1, Enthaltungen: 0, Nicht abgegeben: 0"
AfD,Braun,Jürgen,0,1,0,0,0,"Ja: 0, Nein: 1, Enthaltungen: 0, Nicht abgegeben: 0"
AfD,Bühl,Marcus,0,1,0,0,0,"Ja: 0, Nein: 1, Enthaltungen: 0, Nicht abgegeben: 0"
AfD,Chrupalla,Tino,0,1,0,0,0,"Ja: 0, Nein: 1, Enthaltungen: 0, Nicht abgegeben: 0"
AfD,Curio,Gottfried,0,1,0,0,0,"Ja: 0, Nein: 1, Enthaltungen: 0, Nicht abgegeben: 0"
AfD,Dietz,Thomas,0,1,0,0,0,"Ja: 0, Nein: 1, Enthaltungen: 0, Nicht abgegeben: 0"
AfD,Ehrhorn,Thomas,0,0,0,0,1,"Ja: 0, Nein: 0, Enthaltungen: 0, Nicht abgegeben: 1"
AfD,Espendiller,Michael,0,1,0,0,0,"Ja: 0, Nein: 1, Enthaltungen: 0, Nicht abgegeben: 0"
AfD,Felser,Peter,0,1,0,0,0,"Ja: 0, Nein: 1, Enthaltungen: 0, Nicht abgegeben: 0"
AfD,Friedhoff,Dietmar,1,0,0,0,0,"Ja: 1, Nein: 0, Enthaltungen: 0, Nicht abgegeben: 0"
AfD,Frohnmaier,Markus,0,1,0,0,0,"Ja: 0, Nein: 1, Enthaltungen: 0, Nicht abgegeben: 0"
AfD,Frömming,Götz,0,1,0,0,0,"Ja: 0, Nein: 1, Enthaltungen: 0, Nicht abgegeben: 0"
AfD,Gauland,Alexander,0,1,0,0,0,"Ja: 0, Nein: 1, Enthaltungen: 0, Nicht abgegeben: 0"
AfD,Glaser,Albrecht,0,1,0,0,0,"Ja: 0, Nein: 1, Enthaltungen: 0, Nicht abgegeben: 0"
AfD,Gnauck,Hannes,0,1,0,0,0,"Ja: 0, Nein: 1, Enthaltungen: 0, Nicht abgegeben: 0"
AfD,Gottschalk,Kay,0,1,0,0,0,"Ja: 0, Nein: 1, Enthaltungen: 0, Nicht abgegeben: 0"
AfD,Harder-Kühnel,Mariana Iris,0,0,0,0,1,"Ja: 0, Nein: 0, Enthaltungen: 0, Nicht abgegeben: 1"
AfD,Haug,Jochen,0,1,0,0,0,"Ja: 0, Nein: 1, Enthaltungen: 0, Nicht abgegeben: 0"
AfD,Hess,Martin,0,0,0,0,1,"Ja: 0, Nein: 0, Enthaltungen: 0, Nicht abgegeben: 1"
AfD,Hilse,Karsten,0,1,0,0,0,"Ja: 0, Nein: 1, Enthaltungen: 0, Nicht abgegeben: 0"
AfD,Höchst,Nicole,0,1,0,0,0,"Ja: 0, Nein: 1, Enthaltungen: 0, Nicht abgegeben: 0"
AfD,Holm,Leif-Erik,0,0,0,0,1,"Ja: 0, Nein: 0, Enthaltungen: 0, Nicht abgegeben: 1"
AfD,Huy,Gerrit,0,1,0,0,0,"Ja: 0, Nein: 1, Enthaltungen: 0, Nicht abgegeben: 0"
AfD,Jacobi,Fabian,0,1,0,0,0,"Ja: 0, Nein: 1, Enthaltungen: 0, Nicht abgegeben: 0"
AfD,Janich,Steffen,0,1,0,0,0,"Ja: 0, Nein: 1, Enthaltungen: 0, Nicht abgegeben: 0"
AfD,Kaufmann,Malte,0,1,0,0,0,"Ja: 0, Nein: 1, Enthaltungen: 0, Nicht abgegeben: 0"
AfD,Kaufmann,Michael,0,1,0,0,0,"Ja: 0, Nein: 1, Enthaltungen: 0, Nicht abgegeben: 0"
AfD,Keuter,Stefan,0,1,0,0,0,"Ja: 0, Nein: 1, Enthaltungen: 0, Nicht abgegeben: 0"
AfD,Kleinwächter,Norbert,0,0,0,0,1,"Ja: 0, Nein: 0, Enthaltungen: 0, Nicht abgegeben: 1"
AfD,Komning,Enrico,0,1,0,0,0,"Ja: 0, Nein: 1, Enthaltungen: 0, Nicht abgegeben: 0"
AfD,König,Jörn,0,1,0,0,0,"Ja: 0, Nein: 1, Enthaltungen: 0, Nicht abgegeben: 0"
AfD,Kotré,Steffen,0,0,0,0,1,"Ja: 0, Nein: 0, Enthaltungen: 0, Nicht abgegeben: 1"
AfD,Kraft,Rainer,0,0,0,0,1,"Ja: 0, Nein: 0, Enthaltungen: 0, Nicht abgegeben: 1"
AfD,Lucassen,Rüdiger,0,0,0,0,1,"Ja: 0, Nein: 0, Enthaltungen: 0, Nicht abgegeben: 1"
AfD,Moncsek,Mike,0,0,0,0,1,"Ja: 0, Nein: 0, Enthaltungen: 0, Nicht abgegeben: 1"
AfD,Moosdorf,Matthias,0,1,0,0,0,"Ja: 0, Nein: 1, Enthaltungen: 0, Nicht abgegeben: 0"
AfD,Münz,Volker,0,1,0,0,0,"Ja: 0, Nein: 1, Enthaltungen: 0, Nicht abgegeben: 0"
AfD,Münzenmaier,Sebastian,0,0,0,0,1,"Ja: 0, Nein: 0, Enthaltungen: 0, Nicht abgegeben: 1"
AfD,Naujok,Edgar,0,0,0,0,1,"Ja: 0, Nein: 0, Enthaltungen: 0, Nicht abgegeben: 1"
AfD,Nolte,Jan Ralf,0,0,0,0,1,"Ja: 0, Nein: 0, Enthaltungen: 0, Nicht abgegeben: 1"
AfD,Otten,Gerold,0,1,0,0,0,"Ja: 0, Nein: 1, Enthaltungen: 0, Nicht abgegeben: 0"
AfD,Peterka,Tobias Matthias,0,1,0,0,0,"Ja: 0, Nein: 1, Enthaltungen: 0, Nicht abgegeben: 0"
AfD,Pohl,Jürgen,0,1,0,0,0,"Ja: 0, Nein: 1, Enthaltungen: 0, Nicht abgegeben: 0"
AfD,Protschka,Stephan,0,1,0,0,0,"Ja: 0, Nein: 1, Enthaltungen: 0, Nicht abgegeben: 0"
AfD,Reichardt,Martin,0,0,0,0,1,"Ja: 0, Nein: 0, Enthaltungen: 0, Nicht abgegeben: 1"
AfD,Renner,Martin Erwin,0,0,0,0,1,"Ja: 0, Nein: 0, Enthaltungen: 0, Nicht abgegeben: 1"
AfD,Rinck,Frank,0,1,0,0,0,"Ja: 0, Nein: 1, Enthaltungen: 0, Nicht abgegeben: 0"
AfD,Rothfuß,Rainer,0,1,0,0,0,"Ja: 0, Nein: 1, Enthaltungen: 0, Nicht abgegeben: 0"
AfD,Schattner,Bernd,0,0,0,0,1,"Ja: 0, Nein: 0, Enthaltungen: 0, Nicht abgegeben: 1"
AfD,Schielke-Ziesing,Ulrike,0,1,0,0,0,"Ja: 0, Nein: 1, Enthaltungen: 0, Nicht abgegeben: 0"
AfD,Schiller,Manfred,0,1,0,0,0,"Ja: 0, Nein: 1, Enthaltungen: 0, Nicht abgegeben: 0"
AfD,Schmidt,Eugen,0,1,0,0,0,"Ja: 0, Nein: 1, Enthaltungen: 0, Nicht abgegeben: 0"
AfD,Schmidt,Jan Wenzel,0,1,0,0,0,"Ja: 0, Nein: 1, Enthaltungen: 0, Nicht abgegeben: 0"
AfD,Schneider,Jörg,0,1,0,0,0,"Ja: 0, Nein: 1, Enthaltungen: 0, Nicht abgegeben: 0"
AfD,Schulz,Uwe,0,0,0,0,1,"Ja: 0, Nein: 0, Enthaltungen: 0, Nicht abgegeben: 1"
AfD,Sichert,Martin,0,1,0,0,0,"Ja: 0, Nein: 1, Enthaltungen: 0, Nicht abgegeben: 0"
AfD,Springer,René,0,0,0,0,1,"Ja: 0, Nein: 0, Enthaltungen: 0, Nicht abgegeben: 1"
AfD,Stöber,Klaus,0,0,0,0,1,"Ja: 0, Nein: 0, Enthaltungen: 0, Nicht abgegeben: 1"
AfD,Storch,Beatrix,0,1,0,0,0,"Ja: 0, Nein: 1, Enthaltungen: 0, Nicht abgegeben: 0"
AfD,Weidel,Alice,0,1,0,0,0,"Ja: 0, Nein: 1, Enthaltungen: 0, Nicht abgegeben: 0"
AfD,Weyel,Harald,0,1,0,0,0,"Ja: 0, Nein: 1, Enthaltungen: 0, Nicht abgegeben: 0"
AfD,Wiehle,Wolfgang,0,1,0,0,0,"Ja: 0, Nein: 1, Enthaltungen: 0, Nicht abgegeben: 0"
AfD,Wirth,Christian,0,1,0,0,0,"Ja: 0, Nein: 1, Enthaltungen: 0, Nicht abgegeben: 0"
AfD,Wundrak,Joachim,0,1,0,0,0,"Ja: 0, Nein: 1, Enthaltungen: 0, Nicht abgegeben: 0"
AfD,Ziegler,Kay-Uwe,0,1,0,0,0,"Ja: 0, Nein: 1, Enthaltungen: 0, Nicht abgegeben: 0"
Die Linke,Akbulut,Gökay,1,0,0,0,0,"Ja: 1, Nein: 0, Enthaltungen: 0, Nicht abgegeben: 0"
Die Linke,Bartsch,Dietmar,1,0,0,0,0,"Ja: 1, Nein: 0, Enthaltungen: 0, Nicht abgegeben: 0"
Die Linke,Birkwald,Matthias W.,1,0,0,0,0,"Ja: 1, Nein: 0, Enthaltungen: 0, Nicht abgegeben: 0"
Die Linke,Bünger,Clara,1,0,0,0,0,"Ja: 1, Nein: 0, Enthaltungen: 0, Nicht abgegeben: 0"
Die Linke,Cezanne,Jörg,1,0,0,0,0,"Ja: 1, Nein: 0, Enthaltungen: 0, Nicht abgegeben: 0"
Die Linke,Domscheit-Berg,Anke,1,0,0,0,0,"Ja: 1, Nein: 0, Enthaltungen: 0, Nicht abgegeben: 0"
Die Linke,Ferschl,Susanne,1,0,0,0,0,"Ja: 1, Nein: 0, Enthaltungen: 0, Nicht abgegeben: 0"
Die Linke,Gohlke,Nicole,0,0,0,0,1,"Ja: 0, Nein: 0, Enthaltungen: 0, Nicht abgegeben: 1"
Die Linke,Görke,Christian,1,0,0,0,0,"Ja: 1, Nein: 0, Enthaltungen: 0, Nicht abgegeben: 0"
Die Linke,Gürpinar,Ates,1,0,0,0,0,"Ja: 1, Nein: 0, Enthaltungen: 0, Nicht abgegeben: 0"
Die Linke,Gysi,Gregor,1,0,0,0,0,"Ja: 1, Nein: 0, Enthaltungen: 0, Nicht abgegeben: 0"
Die Linke,Hahn,André,0,0,0,0,1,"Ja: 0, Nein: 0, Enthaltungen: 0, Nicht abgegeben: 1"
Die Linke,Hennig-Wellsow,Susanne,1,0,0,0,0,"Ja: 1, Nein: 0, Enthaltungen: 0, Nicht abgegeben: 0"
Die Linke,Korte,Jan,1,0,0,0,0,"Ja: 1, Nein: 0, Enthaltungen: 0, Nicht abgegeben: 0"
Die Linke,Latendorf,Ina,1,0,0,0,0,"Ja: 1, Nein: 0, Enthaltungen: 0, Nicht abgegeben: 0"
Die Linke,Lay,Caren,1,0,0,0,0,"Ja: 1, Nein: 0, Enthaltungen: 0, Nicht abgegeben: 0"
Die Linke,Lenkert,Ralph,1,0,0,0,0,"Ja: 1, Nein: 0, Enthaltungen: 0, Nicht abgegeben: 0"
Die Linke,Lötzsch,Gesine,1,0,0,0,0,"Ja: 1, Nein: 0, Enthaltungen: 0, Nicht abgegeben: 0"
Die Linke,Möhring,Cornelia,1,0,0,0,0,"Ja: 1, Nein: 0, Enthaltungen: 0, Nicht abgegeben: 0"
Die Linke,Pau,Petra,1,0,0,0,0,"Ja: 1, Nein: 0, Enthaltungen: 0, Nicht abgegeben: 0"
Die Linke,Pellmann,Sören,1,0,0,0,0,"Ja: 1, Nein: 0, Enthaltungen: 0, Nicht abgegeben: 0"
Die Linke,Perli,Victor,1,0,0,0,0,"Ja: 1, Nein: 0, Enthaltungen: 0, Nicht abgegeben: 0"
Die Linke,Reichinnek,Heidi,1,0,0,0,0,"Ja: 1, Nein: 0, Enthaltungen: 0, Nicht abgegeben: 0"
Die Linke,Renner,Martina,1,0,0,0,0,"Ja: 1, Nein: 0, Enthaltungen: 0, Nicht abgegeben: 0"
Die Linke,Riexinger,Bernd,1,0,0,0,0,"Ja: 1, Nein: 0, Enthaltungen: 0, Nicht abgegeben: 0"
Die Linke,Sitte,Petra,1,0,0,0,0,"Ja: 1, Nein: 0, Enthaltungen: 0, Nicht abgegeben: 0"
Die Linke,Vogler,Kathrin,1,0,0,0,0,"Ja: 1, Nein: 0, Enthaltungen: 0, Nicht abgegeben: 0"
Die Linke,Wissler,Janine,1,0,0,0,0,"Ja: 1, Nein: 0, Enthaltungen: 0, Nicht abgegeben: 0"
BSW,Al-Dailami,Ali,0,1,0,0,0,"Ja: 0, Nein: 1, Enthaltungen: 0, Nicht abgegeben: 0"
BSW,Dağdelen,Sevim,0,0,0,0,1,"Ja: 0, Nein: 0, Enthaltungen: 0, Nicht abgegeben: 1"
BSW,Ernst,Klaus,0,1,0,0,0,"Ja: 0, Nein: 1, Enthaltungen: 0, Nicht abgegeben: 0"
BSW,Hunko,Andrej,0,1,0,0,0,"Ja: 0, Nein: 1, Enthaltungen: 0, Nicht abgegeben: 0"
BSW,Leye,Christian,0,1,0,0,0,"Ja: 0, Nein: 1, Enthaltungen: 0, Nicht abgegeben: 0"
BSW,Mohamed Ali,Amira,0,1,0,0,0,"Ja: 0, Nein: 1, Enthaltungen: 0, Nicht abgegeben: 0"
BSW,Nastic,Zaklin,0,0,0,0,1,"Ja: 0, Nein: 0, Enthaltungen: 0, Nicht abgegeben: 1"
BSW,Tatti,Jessica,0,1,0,0,0,"Ja: 0, Nein: 1, Enthaltungen: 0, Nicht abgegeben: 0"
BSW,Ulrich,Alexander,0,1,0,0,0,"Ja: 0, Nein: 1, Enthaltungen: 0, Nicht abgegeben: 0"
BSW,Wagenknecht,Sahra,0,1,0,0,0,"Ja: 0, Nein: 1, Enthaltungen: 0, Nicht abgegeben: 0"
Fraktionslos,Cotar,Joana,0,1,0,0,0,"Ja: 0, Nein: 1, Enthaltungen: 0, Nicht abgegeben: 0"
Fraktionslos,Farle,Robert,0,1,0,0,0,"Ja: 0, Nein: 1, Enthaltungen: 0, Nicht abgegeben: 0"
Fraktionslos,Helferich,Matthias,0,1,0,0,0,"Ja: 0, Nein: 1, Enthaltungen: 0, Nicht abgegeben: 0"
Fraktionslos,Huber,Johannes,0,1,0,0,0,"Ja: 0, Nein: 1, Enthaltungen: 0, Nicht abgegeben: 0"
Fraktionslos,Seidler,Stefan,1,0,0,0,0,"Ja: 1, Nein: 0, Enthaltungen: 0, Nicht abgegeben: 0"
Fraktionslos,Seitz,Thomas,0,1,0,0,0,"Ja: 0, Nein: 1, Enthaltungen: 0, Nicht abgegeben: 0"
Fraktionslos,Spaniel,Dirk,0,0,0,0,1,"Ja: 0, Nein: 0, Enthaltungen: 0, Nicht abgegeben: 1"
Fraktionslos,Wissing,Volker,1,0,0,0,0,"Ja: 1, Nein: 0, Enthaltungen: 0, Nicht abgegeben: 0"
Fraktionslos,Witt,Uwe,0,0,0,0,1,"Ja: 0, Nein: 0, Enthaltungen: 0, Nicht abgegeben: 1"
